date,sku,units,price,on_promotion
2022-01-01,SKU-ALPHA,191.0,24.99,False
2022-01-02,SKU-ALPHA,136.0,24.99,False
2022-01-03,SKU-ALPHA,169.0,24.99,False
2022-01-04,SKU-ALPHA,175.0,24.99,False
2022-01-05,SKU-ALPHA,179.0,24.99,False
2022-01-06,SKU-ALPHA,156.0,24.99,False
2022-01-07,SKU-ALPHA,182.0,24.99,False
2022-01-08,SKU-ALPHA,179.0,24.99,False
2022-01-09,SKU-ALPHA,164.0,24.99,False
2022-01-10,SKU-ALPHA,196.0,24.99,False
2022-01-11,SKU-ALPHA,165.0,24.99,False
2022-01-12,SKU-ALPHA,178.0,24.99,False
2022-01-13,SKU-ALPHA,198.0,24.99,False
2022-01-14,SKU-ALPHA,182.0,24.99,False
2022-01-15,SKU-ALPHA,196.0,24.99,False
2022-01-16,SKU-ALPHA,181.0,24.99,False
2022-01-17,SKU-ALPHA,183.0,24.99,False
2022-01-18,SKU-ALPHA,160.0,24.99,False
2022-01-19,SKU-ALPHA,183.0,24.99,False
2022-01-20,SKU-ALPHA,209.0,24.99,False
2022-01-21,SKU-ALPHA,168.0,24.99,False
2022-01-22,SKU-ALPHA,217.0,24.99,False
2022-01-23,SKU-ALPHA,184.0,24.99,False
2022-01-24,SKU-ALPHA,174.0,24.99,False
2022-01-25,SKU-ALPHA,216.0,24.99,False
2022-01-26,SKU-ALPHA,197.0,24.99,False
2022-01-27,SKU-ALPHA,245.0,21.24,True
2022-01-28,SKU-ALPHA,290.0,21.24,True
2022-01-29,SKU-ALPHA,313.0,21.24,True
2022-01-30,SKU-ALPHA,265.0,21.24,True
2022-01-31,SKU-ALPHA,289.0,21.24,True
2022-02-01,SKU-ALPHA,268.0,21.24,True
2022-02-02,SKU-ALPHA,199.0,24.99,False
2022-02-03,SKU-ALPHA,218.0,24.99,False
2022-02-04,SKU-ALPHA,190.0,24.99,False
2022-02-05,SKU-ALPHA,213.0,24.99,False
2022-02-06,SKU-ALPHA,181.0,24.99,False
2022-02-07,SKU-ALPHA,194.0,24.99,False
2022-02-08,SKU-ALPHA,170.0,24.99,False
2022-02-09,SKU-ALPHA,182.0,24.99,False
2022-02-10,SKU-ALPHA,193.0,24.99,False
2022-02-11,SKU-ALPHA,223.0,24.99,False
2022-02-12,SKU-ALPHA,235.0,24.99,False
2022-02-13,SKU-ALPHA,170.0,24.99,False
2022-02-14,SKU-ALPHA,182.0,24.99,False
2022-02-15,SKU-ALPHA,205.0,24.99,False
2022-02-16,SKU-ALPHA,161.0,24.99,False
2022-02-17,SKU-ALPHA,193.0,24.99,False
2022-02-18,SKU-ALPHA,209.0,24.99,False
2022-02-19,SKU-ALPHA,243.0,24.99,False
2022-02-20,SKU-ALPHA,210.0,24.99,False
2022-02-21,SKU-ALPHA,194.0,24.99,False
2022-02-22,SKU-ALPHA,192.0,24.99,False
2022-02-23,SKU-ALPHA,196.0,24.99,False
2022-02-24,SKU-ALPHA,234.0,24.99,False
2022-02-25,SKU-ALPHA,208.0,24.99,False
2022-02-26,SKU-ALPHA,217.0,24.99,False
2022-02-27,SKU-ALPHA,209.0,24.99,False
2022-02-28,SKU-ALPHA,203.0,24.99,False
2022-03-01,SKU-ALPHA,200.0,24.99,False
2022-03-02,SKU-ALPHA,185.0,24.99,False
2022-03-03,SKU-ALPHA,211.0,24.99,False
2022-03-04,SKU-ALPHA,212.0,24.99,False
2022-03-05,SKU-ALPHA,253.0,24.99,False
2022-03-06,SKU-ALPHA,220.0,24.99,False
2022-03-07,SKU-ALPHA,210.0,24.99,False
2022-03-08,SKU-ALPHA,221.0,24.99,False
2022-03-09,SKU-ALPHA,204.0,24.99,False
2022-03-10,SKU-ALPHA,237.0,24.99,False
2022-03-11,SKU-ALPHA,227.0,24.99,False
2022-03-12,SKU-ALPHA,247.0,24.99,False
2022-03-13,SKU-ALPHA,188.0,24.99,False
2022-03-14,SKU-ALPHA,222.0,24.99,False
2022-03-15,SKU-ALPHA,181.0,24.99,False
2022-03-16,SKU-ALPHA,176.0,24.99,False
2022-03-17,SKU-ALPHA,215.0,24.99,False
2022-03-18,SKU-ALPHA,310.0,21.24,True
2022-03-19,SKU-ALPHA,353.0,21.24,True
2022-03-20,SKU-ALPHA,379.0,21.24,True
2022-03-21,SKU-ALPHA,296.0,21.24,True
2022-03-22,SKU-ALPHA,299.0,21.24,True
2022-03-23,SKU-ALPHA,326.0,21.24,True
2022-03-24,SKU-ALPHA,343.0,21.24,True
2022-03-25,SKU-ALPHA,340.0,21.24,True
2022-03-26,SKU-ALPHA,241.0,24.99,False
2022-03-27,SKU-ALPHA,237.0,24.99,False
2022-03-28,SKU-ALPHA,236.0,24.99,False
2022-03-29,SKU-ALPHA,203.0,24.99,False
2022-03-30,SKU-ALPHA,224.0,24.99,False
2022-03-31,SKU-ALPHA,233.0,24.99,False
2022-04-01,SKU-ALPHA,220.0,24.99,False
2022-04-02,SKU-ALPHA,258.0,24.99,False
2022-04-03,SKU-ALPHA,211.0,24.99,False
2022-04-04,SKU-ALPHA,251.0,24.99,False
2022-04-05,SKU-ALPHA,233.0,24.99,False
2022-04-06,SKU-ALPHA,233.0,24.99,False
2022-04-07,SKU-ALPHA,225.0,24.99,False
2022-04-08,SKU-ALPHA,246.0,24.99,False
2022-04-09,SKU-ALPHA,211.0,24.99,False
2022-04-10,SKU-ALPHA,209.0,24.99,False
2022-04-11,SKU-ALPHA,244.0,24.99,False
2022-04-12,SKU-ALPHA,189.0,24.99,False
2022-04-13,SKU-ALPHA,254.0,24.99,False
2022-04-14,SKU-ALPHA,204.0,24.99,False
2022-04-15,SKU-ALPHA,272.0,24.99,False
2022-04-16,SKU-ALPHA,243.0,24.99,False
2022-04-17,SKU-ALPHA,255.0,24.99,False
2022-04-18,SKU-ALPHA,244.0,24.99,False
2022-04-19,SKU-ALPHA,206.0,24.99,False
2022-04-20,SKU-ALPHA,268.0,24.99,False
2022-04-21,SKU-ALPHA,280.0,24.99,False
2022-04-22,SKU-ALPHA,258.0,24.99,False
2022-04-23,SKU-ALPHA,261.0,24.99,False
2022-04-24,SKU-ALPHA,239.0,24.99,False
2022-04-25,SKU-ALPHA,224.0,24.99,False
2022-04-26,SKU-ALPHA,267.0,24.99,False
2022-04-27,SKU-ALPHA,233.0,24.99,False
2022-04-28,SKU-ALPHA,251.0,24.99,False
2022-04-29,SKU-ALPHA,245.0,24.99,False
2022-04-30,SKU-ALPHA,258.0,24.99,False
2022-05-01,SKU-ALPHA,219.0,24.99,False
2022-05-02,SKU-ALPHA,278.0,24.99,False
2022-05-03,SKU-ALPHA,244.0,24.99,False
2022-05-04,SKU-ALPHA,271.0,24.99,False
2022-05-05,SKU-ALPHA,257.0,24.99,False
2022-05-06,SKU-ALPHA,365.0,21.24,True
2022-05-07,SKU-ALPHA,390.0,21.24,True
2022-05-08,SKU-ALPHA,346.0,21.24,True
2022-05-09,SKU-ALPHA,369.0,21.24,True
2022-05-10,SKU-ALPHA,352.0,21.24,True
2022-05-11,SKU-ALPHA,358.0,21.24,True
2022-05-12,SKU-ALPHA,330.0,21.24,True
2022-05-13,SKU-ALPHA,253.0,24.99,False
2022-05-14,SKU-ALPHA,323.0,24.99,False
2022-05-15,SKU-ALPHA,239.0,24.99,False
2022-05-16,SKU-ALPHA,233.0,24.99,False
2022-05-17,SKU-ALPHA,263.0,24.99,False
2022-05-18,SKU-ALPHA,290.0,24.99,False
2022-05-19,SKU-ALPHA,229.0,24.99,False
2022-05-20,SKU-ALPHA,271.0,24.99,False
2022-05-21,SKU-ALPHA,269.0,24.99,False
2022-05-22,SKU-ALPHA,217.0,24.99,False
2022-05-23,SKU-ALPHA,278.0,24.99,False
2022-05-24,SKU-ALPHA,257.0,24.99,False
2022-05-25,SKU-ALPHA,262.0,24.99,False
2022-05-26,SKU-ALPHA,249.0,24.99,False
2022-05-27,SKU-ALPHA,291.0,24.99,False
2022-05-28,SKU-ALPHA,274.0,24.99,False
2022-05-29,SKU-ALPHA,257.0,24.99,False
2022-05-30,SKU-ALPHA,237.0,24.99,False
2022-05-31,SKU-ALPHA,232.0,24.99,False
2022-06-01,SKU-ALPHA,294.0,24.99,False
2022-06-02,SKU-ALPHA,257.0,24.99,False
2022-06-03,SKU-ALPHA,289.0,24.99,False
2022-06-04,SKU-ALPHA,290.0,24.99,False
2022-06-05,SKU-ALPHA,252.0,24.99,False
2022-06-06,SKU-ALPHA,253.0,24.99,False
2022-06-07,SKU-ALPHA,277.0,24.99,False
2022-06-08,SKU-ALPHA,257.0,24.99,False
2022-06-09,SKU-ALPHA,267.0,24.99,False
2022-06-10,SKU-ALPHA,284.0,24.99,False
2022-06-11,SKU-ALPHA,323.0,24.99,False
2022-06-12,SKU-ALPHA,280.0,24.99,False
2022-06-13,SKU-ALPHA,276.0,24.99,False
2022-06-14,SKU-ALPHA,250.0,24.99,False
2022-06-15,SKU-ALPHA,233.0,24.99,False
2022-06-16,SKU-ALPHA,295.0,24.99,False
2022-06-17,SKU-ALPHA,309.0,24.99,False
2022-06-18,SKU-ALPHA,290.0,24.99,False
2022-06-19,SKU-ALPHA,278.0,24.99,False
2022-06-20,SKU-ALPHA,287.0,24.99,False
2022-06-21,SKU-ALPHA,284.0,24.99,False
2022-06-22,SKU-ALPHA,288.0,24.99,False
2022-06-23,SKU-ALPHA,262.0,24.99,False
2022-06-24,SKU-ALPHA,324.0,24.99,False
2022-06-25,SKU-ALPHA,261.0,24.99,False
2022-06-26,SKU-ALPHA,286.0,24.99,False
2022-06-27,SKU-ALPHA,280.0,24.99,False
2022-06-28,SKU-ALPHA,286.0,24.99,False
2022-06-29,SKU-ALPHA,311.0,24.99,False
2022-06-30,SKU-ALPHA,309.0,24.99,False
2022-07-01,SKU-ALPHA,256.0,24.99,False
2022-07-02,SKU-ALPHA,361.0,21.24,True
2022-07-03,SKU-ALPHA,413.0,21.24,True
2022-07-04,SKU-ALPHA,353.0,21.24,True
2022-07-05,SKU-ALPHA,383.0,21.24,True
2022-07-06,SKU-ALPHA,286.0,24.99,False
2022-07-07,SKU-ALPHA,232.0,24.99,False
2022-07-08,SKU-ALPHA,231.0,24.99,False
2022-07-09,SKU-ALPHA,300.0,24.99,False
2022-07-10,SKU-ALPHA,266.0,24.99,False
2022-07-11,SKU-ALPHA,261.0,24.99,False
2022-07-12,SKU-ALPHA,264.0,24.99,False
2022-07-13,SKU-ALPHA,244.0,24.99,False
2022-07-14,SKU-ALPHA,234.0,24.99,False
2022-07-15,SKU-ALPHA,279.0,24.99,False
2022-07-16,SKU-ALPHA,266.0,24.99,False
2022-07-17,SKU-ALPHA,224.0,24.99,False
2022-07-18,SKU-ALPHA,278.0,24.99,False
2022-07-19,SKU-ALPHA,261.0,24.99,False
2022-07-20,SKU-ALPHA,273.0,24.99,False
2022-07-21,SKU-ALPHA,245.0,24.99,False
2022-07-22,SKU-ALPHA,265.0,24.99,False
2022-07-23,SKU-ALPHA,264.0,24.99,False
2022-07-24,SKU-ALPHA,241.0,24.99,False
2022-07-25,SKU-ALPHA,268.0,24.99,False
2022-07-26,SKU-ALPHA,242.0,24.99,False
2022-07-27,SKU-ALPHA,270.0,24.99,False
2022-07-28,SKU-ALPHA,399.0,21.24,True
2022-07-29,SKU-ALPHA,478.0,21.24,True
2022-07-30,SKU-ALPHA,364.0,21.24,True
2022-07-31,SKU-ALPHA,406.0,21.24,True
2022-08-01,SKU-ALPHA,259.0,24.99,False
2022-08-02,SKU-ALPHA,257.0,24.99,False
2022-08-03,SKU-ALPHA,225.0,24.99,False
2022-08-04,SKU-ALPHA,254.0,24.99,False
2022-08-05,SKU-ALPHA,295.0,24.99,False
2022-08-06,SKU-ALPHA,282.0,24.99,False
2022-08-07,SKU-ALPHA,258.0,24.99,False
2022-08-08,SKU-ALPHA,251.0,24.99,False
2022-08-09,SKU-ALPHA,281.0,24.99,False
2022-08-10,SKU-ALPHA,255.0,24.99,False
2022-08-11,SKU-ALPHA,210.0,24.99,False
2022-08-12,SKU-ALPHA,256.0,24.99,False
2022-08-13,SKU-ALPHA,231.0,24.99,False
2022-08-14,SKU-ALPHA,179.0,24.99,False
2022-08-15,SKU-ALPHA,243.0,24.99,False
2022-08-16,SKU-ALPHA,281.0,24.99,False
2022-08-17,SKU-ALPHA,253.0,24.99,False
2022-08-18,SKU-ALPHA,231.0,24.99,False
2022-08-19,SKU-ALPHA,246.0,24.99,False
2022-08-20,SKU-ALPHA,305.0,24.99,False
2022-08-21,SKU-ALPHA,253.0,24.99,False
2022-08-22,SKU-ALPHA,252.0,24.99,False
2022-08-23,SKU-ALPHA,246.0,24.99,False
2022-08-24,SKU-ALPHA,249.0,24.99,False
2022-08-25,SKU-ALPHA,272.0,24.99,False
2022-08-26,SKU-ALPHA,278.0,24.99,False
2022-08-27,SKU-ALPHA,278.0,24.99,False
2022-08-28,SKU-ALPHA,222.0,24.99,False
2022-08-29,SKU-ALPHA,258.0,24.99,False
2022-08-30,SKU-ALPHA,228.0,24.99,False
2022-08-31,SKU-ALPHA,389.0,21.24,True
2022-09-01,SKU-ALPHA,321.0,21.24,True
2022-09-02,SKU-ALPHA,373.0,21.24,True
2022-09-03,SKU-ALPHA,388.0,21.24,True
2022-09-04,SKU-ALPHA,308.0,21.24,True
2022-09-05,SKU-ALPHA,407.0,21.24,True
2022-09-06,SKU-ALPHA,392.0,21.24,True
2022-09-07,SKU-ALPHA,334.0,21.24,True
2022-09-08,SKU-ALPHA,262.0,24.99,False
2022-09-09,SKU-ALPHA,264.0,24.99,False
2022-09-10,SKU-ALPHA,201.0,24.99,False
2022-09-11,SKU-ALPHA,242.0,24.99,False
2022-09-12,SKU-ALPHA,237.0,24.99,False
2022-09-13,SKU-ALPHA,237.0,24.99,False
2022-09-14,SKU-ALPHA,213.0,24.99,False
2022-09-15,SKU-ALPHA,235.0,24.99,False
2022-09-16,SKU-ALPHA,247.0,24.99,False
2022-09-17,SKU-ALPHA,285.0,24.99,False
2022-09-18,SKU-ALPHA,239.0,24.99,False
2022-09-19,SKU-ALPHA,234.0,24.99,False
2022-09-20,SKU-ALPHA,262.0,24.99,False
2022-09-21,SKU-ALPHA,220.0,24.99,False
2022-09-22,SKU-ALPHA,228.0,24.99,False
2022-09-23,SKU-ALPHA,206.0,24.99,False
2022-09-24,SKU-ALPHA,289.0,24.99,False
2022-09-25,SKU-ALPHA,248.0,24.99,False
2022-09-26,SKU-ALPHA,248.0,24.99,False
2022-09-27,SKU-ALPHA,239.0,24.99,False
2022-09-28,SKU-ALPHA,229.0,24.99,False
2022-09-29,SKU-ALPHA,236.0,24.99,False
2022-09-30,SKU-ALPHA,236.0,24.99,False
2022-10-01,SKU-ALPHA,243.0,24.99,False
2022-10-02,SKU-ALPHA,224.0,24.99,False
2022-10-03,SKU-ALPHA,255.0,24.99,False
2022-10-04,SKU-ALPHA,232.0,24.99,False
2022-10-05,SKU-ALPHA,221.0,24.99,False
2022-10-06,SKU-ALPHA,215.0,24.99,False
2022-10-07,SKU-ALPHA,223.0,24.99,False
2022-10-08,SKU-ALPHA,278.0,24.99,False
2022-10-09,SKU-ALPHA,229.0,24.99,False
2022-10-10,SKU-ALPHA,222.0,24.99,False
2022-10-11,SKU-ALPHA,210.0,24.99,False
2022-10-12,SKU-ALPHA,196.0,24.99,False
2022-10-13,SKU-ALPHA,221.0,24.99,False
2022-10-14,SKU-ALPHA,250.0,24.99,False
2022-10-15,SKU-ALPHA,230.0,24.99,False
2022-10-16,SKU-ALPHA,210.0,24.99,False
2022-10-17,SKU-ALPHA,212.0,24.99,False
2022-10-18,SKU-ALPHA,215.0,24.99,False
2022-10-19,SKU-ALPHA,183.0,24.99,False
2022-10-20,SKU-ALPHA,214.0,24.99,False
2022-10-21,SKU-ALPHA,210.0,24.99,False
2022-10-22,SKU-ALPHA,253.0,24.99,False
2022-10-23,SKU-ALPHA,196.0,24.99,False
2022-10-24,SKU-ALPHA,223.0,24.99,False
2022-10-25,SKU-ALPHA,238.0,24.99,False
2022-10-26,SKU-ALPHA,204.0,24.99,False
2022-10-27,SKU-ALPHA,203.0,24.99,False
2022-10-28,SKU-ALPHA,227.0,24.99,False
2022-10-29,SKU-ALPHA,230.0,24.99,False
2022-10-30,SKU-ALPHA,273.0,21.24,True
2022-10-31,SKU-ALPHA,315.0,21.24,True
2022-11-01,SKU-ALPHA,352.0,21.24,True
2022-11-02,SKU-ALPHA,202.0,24.99,False
2022-11-03,SKU-ALPHA,207.0,24.99,False
2022-11-04,SKU-ALPHA,199.0,24.99,False
2022-11-05,SKU-ALPHA,233.0,24.99,False
2022-11-06,SKU-ALPHA,181.0,24.99,False
2022-11-07,SKU-ALPHA,185.0,24.99,False
2022-11-08,SKU-ALPHA,226.0,24.99,False
2022-11-09,SKU-ALPHA,187.0,24.99,False
2022-11-10,SKU-ALPHA,228.0,24.99,False
2022-11-11,SKU-ALPHA,247.0,24.99,False
2022-11-12,SKU-ALPHA,228.0,24.99,False
2022-11-13,SKU-ALPHA,211.0,24.99,False
2022-11-14,SKU-ALPHA,238.0,24.99,False
2022-11-15,SKU-ALPHA,196.0,24.99,False
2022-11-16,SKU-ALPHA,190.0,24.99,False
2022-11-17,SKU-ALPHA,180.0,24.99,False
2022-11-18,SKU-ALPHA,215.0,24.99,False
2022-11-19,SKU-ALPHA,250.0,24.99,False
2022-11-20,SKU-ALPHA,216.0,24.99,False
2022-11-21,SKU-ALPHA,183.0,24.99,False
2022-11-22,SKU-ALPHA,182.0,24.99,False
2022-11-23,SKU-ALPHA,189.0,24.99,False
2022-11-24,SKU-ALPHA,208.0,24.99,False
2022-11-25,SKU-ALPHA,208.0,24.99,False
2022-11-26,SKU-ALPHA,222.0,24.99,False
2022-11-27,SKU-ALPHA,202.0,24.99,False
2022-11-28,SKU-ALPHA,193.0,24.99,False
2022-11-29,SKU-ALPHA,195.0,24.99,False
2022-11-30,SKU-ALPHA,200.0,24.99,False
2022-12-01,SKU-ALPHA,200.0,24.99,False
2022-12-02,SKU-ALPHA,220.0,24.99,False
2022-12-03,SKU-ALPHA,253.0,24.99,False
2022-12-04,SKU-ALPHA,206.0,24.99,False
2022-12-05,SKU-ALPHA,198.0,24.99,False
2022-12-06,SKU-ALPHA,165.0,24.99,False
2022-12-07,SKU-ALPHA,203.0,24.99,False
2022-12-08,SKU-ALPHA,165.0,24.99,False
2022-12-09,SKU-ALPHA,183.0,24.99,False
2022-12-10,SKU-ALPHA,337.0,21.24,True
2022-12-11,SKU-ALPHA,300.0,21.24,True
2022-12-12,SKU-ALPHA,281.0,21.24,True
2022-12-13,SKU-ALPHA,238.0,21.24,True
2022-12-14,SKU-ALPHA,274.0,21.24,True
2022-12-15,SKU-ALPHA,368.0,21.24,True
2022-12-16,SKU-ALPHA,433.0,21.24,True
2022-12-17,SKU-ALPHA,350.0,24.99,False
2022-12-18,SKU-ALPHA,268.0,24.99,False
2022-12-19,SKU-ALPHA,247.0,24.99,False
2022-12-20,SKU-ALPHA,235.0,24.99,False
2022-12-21,SKU-ALPHA,263.0,24.99,False
2022-12-22,SKU-ALPHA,266.0,24.99,False
2022-12-23,SKU-ALPHA,254.0,24.99,False
2022-12-24,SKU-ALPHA,295.0,24.99,False
2022-12-25,SKU-ALPHA,236.0,24.99,False
2022-12-26,SKU-ALPHA,293.0,24.99,False
2022-12-27,SKU-ALPHA,288.0,24.99,False
2022-12-28,SKU-ALPHA,291.0,24.99,False
2022-12-29,SKU-ALPHA,260.0,24.99,False
2022-12-30,SKU-ALPHA,298.0,24.99,False
2022-12-31,SKU-ALPHA,290.0,24.99,False
2023-01-01,SKU-ALPHA,190.0,24.99,False
2023-01-02,SKU-ALPHA,192.0,24.99,False
2023-01-03,SKU-ALPHA,173.0,24.99,False
2023-01-04,SKU-ALPHA,172.0,24.99,False
2023-01-05,SKU-ALPHA,217.0,24.99,False
2023-01-06,SKU-ALPHA,209.0,24.99,False
2023-01-07,SKU-ALPHA,223.0,24.99,False
2023-01-08,SKU-ALPHA,216.0,24.99,False
2023-01-09,SKU-ALPHA,169.0,24.99,False
2023-01-10,SKU-ALPHA,184.0,24.99,False
2023-01-11,SKU-ALPHA,294.0,21.24,True
2023-01-12,SKU-ALPHA,308.0,21.24,True
2023-01-13,SKU-ALPHA,301.0,21.24,True
2023-01-14,SKU-ALPHA,351.0,21.24,True
2023-01-15,SKU-ALPHA,297.0,21.24,True
2023-01-16,SKU-ALPHA,262.0,21.24,True
2023-01-17,SKU-ALPHA,267.0,21.24,True
2023-01-18,SKU-ALPHA,217.0,24.99,False
2023-01-19,SKU-ALPHA,217.0,24.99,False
2023-01-20,SKU-ALPHA,181.0,24.99,False
2023-01-21,SKU-ALPHA,252.0,24.99,False
2023-01-22,SKU-ALPHA,215.0,24.99,False
2023-01-23,SKU-ALPHA,231.0,24.99,False
2023-01-24,SKU-ALPHA,197.0,24.99,False
2023-01-25,SKU-ALPHA,200.0,24.99,False
2023-01-26,SKU-ALPHA,190.0,24.99,False
2023-01-27,SKU-ALPHA,272.0,24.99,False
2023-01-28,SKU-ALPHA,225.0,24.99,False
2023-01-29,SKU-ALPHA,237.0,24.99,False
2023-01-30,SKU-ALPHA,197.0,24.99,False
2023-01-31,SKU-ALPHA,211.0,24.99,False
2023-02-01,SKU-ALPHA,178.0,24.99,False
2023-02-02,SKU-ALPHA,208.0,24.99,False
2023-02-03,SKU-ALPHA,246.0,24.99,False
2023-02-04,SKU-ALPHA,207.0,24.99,False
2023-02-05,SKU-ALPHA,232.0,24.99,False
2023-02-06,SKU-ALPHA,220.0,24.99,False
2023-02-07,SKU-ALPHA,192.0,24.99,False
2023-02-08,SKU-ALPHA,204.0,24.99,False
2023-02-09,SKU-ALPHA,210.0,24.99,False
2023-02-10,SKU-ALPHA,229.0,24.99,False
2023-02-11,SKU-ALPHA,226.0,24.99,False
2023-02-12,SKU-ALPHA,289.0,21.24,True
2023-02-13,SKU-ALPHA,308.0,21.24,True
2023-02-14,SKU-ALPHA,285.0,21.24,True
2023-02-15,SKU-ALPHA,280.0,21.24,True
2023-02-16,SKU-ALPHA,324.0,21.24,True
2023-02-17,SKU-ALPHA,254.0,24.99,False
2023-02-18,SKU-ALPHA,210.0,24.99,False
2023-02-19,SKU-ALPHA,220.0,24.99,False
2023-02-20,SKU-ALPHA,210.0,24.99,False
2023-02-21,SKU-ALPHA,202.0,24.99,False
2023-02-22,SKU-ALPHA,240.0,24.99,False
2023-02-23,SKU-ALPHA,219.0,24.99,False
2023-02-24,SKU-ALPHA,273.0,24.99,False
2023-02-25,SKU-ALPHA,231.0,24.99,False
2023-02-26,SKU-ALPHA,233.0,24.99,False
2023-02-27,SKU-ALPHA,224.0,24.99,False
2023-02-28,SKU-ALPHA,211.0,24.99,False
2023-03-01,SKU-ALPHA,241.0,24.99,False
2023-03-02,SKU-ALPHA,232.0,24.99,False
2023-03-03,SKU-ALPHA,260.0,24.99,False
2023-03-04,SKU-ALPHA,254.0,24.99,False
2023-03-05,SKU-ALPHA,208.0,24.99,False
2023-03-06,SKU-ALPHA,232.0,24.99,False
2023-03-07,SKU-ALPHA,233.0,24.99,False
2023-03-08,SKU-ALPHA,254.0,24.99,False
2023-03-09,SKU-ALPHA,221.0,24.99,False
2023-03-10,SKU-ALPHA,252.0,24.99,False
2023-03-11,SKU-ALPHA,221.0,24.99,False
2023-03-12,SKU-ALPHA,250.0,24.99,False
2023-03-13,SKU-ALPHA,216.0,24.99,False
2023-03-14,SKU-ALPHA,199.0,24.99,False
2023-03-15,SKU-ALPHA,239.0,24.99,False
2023-03-16,SKU-ALPHA,271.0,24.99,False
2023-03-17,SKU-ALPHA,223.0,24.99,False
2023-03-18,SKU-ALPHA,241.0,24.99,False
2023-03-19,SKU-ALPHA,226.0,24.99,False
2023-03-20,SKU-ALPHA,220.0,24.99,False
2023-03-21,SKU-ALPHA,252.0,24.99,False
2023-03-22,SKU-ALPHA,228.0,24.99,False
2023-03-23,SKU-ALPHA,236.0,24.99,False
2023-03-24,SKU-ALPHA,279.0,24.99,False
2023-03-25,SKU-ALPHA,255.0,24.99,False
2023-03-26,SKU-ALPHA,258.0,24.99,False
2023-03-27,SKU-ALPHA,229.0,24.99,False
2023-03-28,SKU-ALPHA,222.0,24.99,False
2023-03-29,SKU-ALPHA,210.0,24.99,False
2023-03-30,SKU-ALPHA,302.0,24.99,False
2023-03-31,SKU-ALPHA,263.0,24.99,False
2023-04-01,SKU-ALPHA,286.0,24.99,False
2023-04-02,SKU-ALPHA,253.0,24.99,False
2023-04-03,SKU-ALPHA,261.0,24.99,False
2023-04-04,SKU-ALPHA,256.0,24.99,False
2023-04-05,SKU-ALPHA,301.0,24.99,False
2023-04-06,SKU-ALPHA,239.0,24.99,False
2023-04-07,SKU-ALPHA,345.0,21.24,True
2023-04-08,SKU-ALPHA,377.0,21.24,True
2023-04-09,SKU-ALPHA,331.0,21.24,True
2023-04-10,SKU-ALPHA,407.0,21.24,True
2023-04-11,SKU-ALPHA,279.0,24.99,False
2023-04-12,SKU-ALPHA,240.0,24.99,False
2023-04-13,SKU-ALPHA,236.0,24.99,False
2023-04-14,SKU-ALPHA,274.0,24.99,False
2023-04-15,SKU-ALPHA,329.0,24.99,False
2023-04-16,SKU-ALPHA,198.0,24.99,False
2023-04-17,SKU-ALPHA,281.0,24.99,False
2023-04-18,SKU-ALPHA,240.0,24.99,False
2023-04-19,SKU-ALPHA,293.0,24.99,False
2023-04-20,SKU-ALPHA,249.0,24.99,False
2023-04-21,SKU-ALPHA,281.0,24.99,False
2023-04-22,SKU-ALPHA,258.0,24.99,False
2023-04-23,SKU-ALPHA,246.0,24.99,False
2023-04-24,SKU-ALPHA,307.0,24.99,False
2023-04-25,SKU-ALPHA,291.0,24.99,False
2023-04-26,SKU-ALPHA,263.0,24.99,False
2023-04-27,SKU-ALPHA,258.0,24.99,False
2023-04-28,SKU-ALPHA,244.0,24.99,False
2023-04-29,SKU-ALPHA,293.0,24.99,False
2023-04-30,SKU-ALPHA,274.0,24.99,False
2023-05-01,SKU-ALPHA,276.0,24.99,False
2023-05-02,SKU-ALPHA,273.0,24.99,False
2023-05-03,SKU-ALPHA,250.0,24.99,False
2023-05-04,SKU-ALPHA,284.0,24.99,False
2023-05-05,SKU-ALPHA,298.0,24.99,False
2023-05-06,SKU-ALPHA,345.0,24.99,False
2023-05-07,SKU-ALPHA,326.0,24.99,False
2023-05-08,SKU-ALPHA,279.0,24.99,False
2023-05-09,SKU-ALPHA,260.0,24.99,False
2023-05-10,SKU-ALPHA,280.0,24.99,False
2023-05-11,SKU-ALPHA,274.0,24.99,False
2023-05-12,SKU-ALPHA,283.0,24.99,False
2023-05-13,SKU-ALPHA,452.0,21.24,True
2023-05-14,SKU-ALPHA,372.0,21.24,True
2023-05-15,SKU-ALPHA,438.0,21.24,True
2023-05-16,SKU-ALPHA,407.0,21.24,True
2023-05-17,SKU-ALPHA,292.0,24.99,False
2023-05-18,SKU-ALPHA,289.0,24.99,False
2023-05-19,SKU-ALPHA,287.0,24.99,False
2023-05-20,SKU-ALPHA,290.0,24.99,False
2023-05-21,SKU-ALPHA,281.0,24.99,False
2023-05-22,SKU-ALPHA,276.0,24.99,False
2023-05-23,SKU-ALPHA,293.0,24.99,False
2023-05-24,SKU-ALPHA,289.0,24.99,False
2023-05-25,SKU-ALPHA,260.0,24.99,False
2023-05-26,SKU-ALPHA,313.0,24.99,False
2023-05-27,SKU-ALPHA,282.0,24.99,False
2023-05-28,SKU-ALPHA,274.0,24.99,False
2023-05-29,SKU-ALPHA,285.0,24.99,False
2023-05-30,SKU-ALPHA,236.0,24.99,False
2023-05-31,SKU-ALPHA,294.0,24.99,False
2023-06-01,SKU-ALPHA,303.0,24.99,False
2023-06-02,SKU-ALPHA,309.0,24.99,False
2023-06-03,SKU-ALPHA,311.0,24.99,False
2023-06-04,SKU-ALPHA,283.0,24.99,False
2023-06-05,SKU-ALPHA,269.0,24.99,False
2023-06-06,SKU-ALPHA,285.0,24.99,False
2023-06-07,SKU-ALPHA,279.0,24.99,False
2023-06-08,SKU-ALPHA,304.0,24.99,False
2023-06-09,SKU-ALPHA,281.0,24.99,False
2023-06-10,SKU-ALPHA,332.0,24.99,False
2023-06-11,SKU-ALPHA,298.0,24.99,False
2023-06-12,SKU-ALPHA,293.0,24.99,False
2023-06-13,SKU-ALPHA,282.0,24.99,False
2023-06-14,SKU-ALPHA,310.0,24.99,False
2023-06-15,SKU-ALPHA,258.0,24.99,False
2023-06-16,SKU-ALPHA,330.0,24.99,False
2023-06-17,SKU-ALPHA,334.0,24.99,False
2023-06-18,SKU-ALPHA,303.0,24.99,False
2023-06-19,SKU-ALPHA,308.0,24.99,False
2023-06-20,SKU-ALPHA,277.0,24.99,False
2023-06-21,SKU-ALPHA,290.0,24.99,False
2023-06-22,SKU-ALPHA,321.0,24.99,False
2023-06-23,SKU-ALPHA,330.0,24.99,False
2023-06-24,SKU-ALPHA,333.0,24.99,False
2023-06-25,SKU-ALPHA,255.0,24.99,False
2023-06-26,SKU-ALPHA,313.0,24.99,False
2023-06-27,SKU-ALPHA,326.0,24.99,False
2023-06-28,SKU-ALPHA,324.0,24.99,False
2023-06-29,SKU-ALPHA,310.0,24.99,False
2023-06-30,SKU-ALPHA,273.0,24.99,False
2023-07-01,SKU-ALPHA,355.0,24.99,False
2023-07-02,SKU-ALPHA,423.0,21.24,True
2023-07-03,SKU-ALPHA,334.0,21.24,True
2023-07-04,SKU-ALPHA,441.0,21.24,True
2023-07-05,SKU-ALPHA,372.0,21.24,True
2023-07-06,SKU-ALPHA,268.0,24.99,False
2023-07-07,SKU-ALPHA,299.0,24.99,False
2023-07-08,SKU-ALPHA,364.0,24.99,False
2023-07-09,SKU-ALPHA,285.0,24.99,False
2023-07-10,SKU-ALPHA,305.0,24.99,False
2023-07-11,SKU-ALPHA,340.0,24.99,False
2023-07-12,SKU-ALPHA,337.0,24.99,False
2023-07-13,SKU-ALPHA,299.0,24.99,False
2023-07-14,SKU-ALPHA,309.0,24.99,False
2023-07-15,SKU-ALPHA,288.0,24.99,False
2023-07-16,SKU-ALPHA,275.0,24.99,False
2023-07-17,SKU-ALPHA,307.0,24.99,False
2023-07-18,SKU-ALPHA,302.0,24.99,False
2023-07-19,SKU-ALPHA,296.0,24.99,False
2023-07-20,SKU-ALPHA,327.0,24.99,False
2023-07-21,SKU-ALPHA,292.0,24.99,False
2023-07-22,SKU-ALPHA,321.0,24.99,False
2023-07-23,SKU-ALPHA,310.0,24.99,False
2023-07-24,SKU-ALPHA,309.0,24.99,False
2023-07-25,SKU-ALPHA,317.0,24.99,False
2023-07-26,SKU-ALPHA,301.0,24.99,False
2023-07-27,SKU-ALPHA,289.0,24.99,False
2023-07-28,SKU-ALPHA,321.0,24.99,False
2023-07-29,SKU-ALPHA,291.0,24.99,False
2023-07-30,SKU-ALPHA,246.0,24.99,False
2023-07-31,SKU-ALPHA,306.0,24.99,False
2023-08-01,SKU-ALPHA,285.0,24.99,False
2023-08-02,SKU-ALPHA,296.0,24.99,False
2023-08-03,SKU-ALPHA,250.0,24.99,False
2023-08-04,SKU-ALPHA,298.0,24.99,False
2023-08-05,SKU-ALPHA,299.0,24.99,False
2023-08-06,SKU-ALPHA,263.0,24.99,False
2023-08-07,SKU-ALPHA,229.0,24.99,False
2023-08-08,SKU-ALPHA,275.0,24.99,False
2023-08-09,SKU-ALPHA,308.0,24.99,False
2023-08-10,SKU-ALPHA,301.0,24.99,False
2023-08-11,SKU-ALPHA,287.0,24.99,False
2023-08-12,SKU-ALPHA,312.0,24.99,False
2023-08-13,SKU-ALPHA,301.0,24.99,False
2023-08-14,SKU-ALPHA,213.0,24.99,False
2023-08-15,SKU-ALPHA,277.0,24.99,False
2023-08-16,SKU-ALPHA,295.0,24.99,False
2023-08-17,SKU-ALPHA,305.0,24.99,False
2023-08-18,SKU-ALPHA,345.0,24.99,False
2023-08-19,SKU-ALPHA,340.0,24.99,False
2023-08-20,SKU-ALPHA,285.0,24.99,False
2023-08-21,SKU-ALPHA,287.0,24.99,False
2023-08-22,SKU-ALPHA,295.0,24.99,False
2023-08-23,SKU-ALPHA,263.0,24.99,False
2023-08-24,SKU-ALPHA,282.0,24.99,False
2023-08-25,SKU-ALPHA,319.0,24.99,False
2023-08-26,SKU-ALPHA,357.0,24.99,False
2023-08-27,SKU-ALPHA,269.0,24.99,False
2023-08-28,SKU-ALPHA,274.0,24.99,False
2023-08-29,SKU-ALPHA,276.0,24.99,False
2023-08-30,SKU-ALPHA,442.0,21.24,True
2023-08-31,SKU-ALPHA,402.0,21.24,True
2023-09-01,SKU-ALPHA,476.0,21.24,True
2023-09-02,SKU-ALPHA,395.0,21.24,True
2023-09-03,SKU-ALPHA,383.0,21.24,True
2023-09-04,SKU-ALPHA,266.0,24.99,False
2023-09-05,SKU-ALPHA,285.0,24.99,False
2023-09-06,SKU-ALPHA,293.0,24.99,False
2023-09-07,SKU-ALPHA,236.0,24.99,False
2023-09-08,SKU-ALPHA,261.0,24.99,False
2023-09-09,SKU-ALPHA,302.0,24.99,False
2023-09-10,SKU-ALPHA,248.0,24.99,False
2023-09-11,SKU-ALPHA,229.0,24.99,False
2023-09-12,SKU-ALPHA,286.0,24.99,False
2023-09-13,SKU-ALPHA,274.0,24.99,False
2023-09-14,SKU-ALPHA,280.0,24.99,False
2023-09-15,SKU-ALPHA,268.0,24.99,False
2023-09-16,SKU-ALPHA,314.0,24.99,False
2023-09-17,SKU-ALPHA,253.0,24.99,False
2023-09-18,SKU-ALPHA,286.0,24.99,False
2023-09-19,SKU-ALPHA,235.0,24.99,False
2023-09-20,SKU-ALPHA,238.0,24.99,False
2023-09-21,SKU-ALPHA,268.0,24.99,False
2023-09-22,SKU-ALPHA,257.0,24.99,False
2023-09-23,SKU-ALPHA,299.0,24.99,False
2023-09-24,SKU-ALPHA,260.0,24.99,False
2023-09-25,SKU-ALPHA,234.0,24.99,False
2023-09-26,SKU-ALPHA,253.0,24.99,False
2023-09-27,SKU-ALPHA,244.0,24.99,False
2023-09-28,SKU-ALPHA,279.0,24.99,False
2023-09-29,SKU-ALPHA,253.0,24.99,False
2023-09-30,SKU-ALPHA,265.0,24.99,False
2023-10-01,SKU-ALPHA,276.0,24.99,False
2023-10-02,SKU-ALPHA,301.0,24.99,False
2023-10-03,SKU-ALPHA,291.0,24.99,False
2023-10-04,SKU-ALPHA,249.0,24.99,False
2023-10-05,SKU-ALPHA,257.0,24.99,False
2023-10-06,SKU-ALPHA,300.0,24.99,False
2023-10-07,SKU-ALPHA,267.0,24.99,False
2023-10-08,SKU-ALPHA,222.0,24.99,False
2023-10-09,SKU-ALPHA,248.0,24.99,False
2023-10-10,SKU-ALPHA,251.0,24.99,False
2023-10-11,SKU-ALPHA,325.0,21.24,True
2023-10-12,SKU-ALPHA,306.0,21.24,True
2023-10-13,SKU-ALPHA,326.0,21.24,True
2023-10-14,SKU-ALPHA,408.0,21.24,True
2023-10-15,SKU-ALPHA,323.0,21.24,True
2023-10-16,SKU-ALPHA,344.0,21.24,True
2023-10-17,SKU-ALPHA,241.0,24.99,False
2023-10-18,SKU-ALPHA,251.0,24.99,False
2023-10-19,SKU-ALPHA,235.0,24.99,False
2023-10-20,SKU-ALPHA,265.0,24.99,False
2023-10-21,SKU-ALPHA,239.0,24.99,False
2023-10-22,SKU-ALPHA,227.0,24.99,False
2023-10-23,SKU-ALPHA,214.0,24.99,False
2023-10-24,SKU-ALPHA,256.0,24.99,False
2023-10-25,SKU-ALPHA,233.0,24.99,False
2023-10-26,SKU-ALPHA,222.0,24.99,False
2023-10-27,SKU-ALPHA,241.0,24.99,False
2023-10-28,SKU-ALPHA,250.0,24.99,False
2023-10-29,SKU-ALPHA,245.0,24.99,False
2023-10-30,SKU-ALPHA,199.0,24.99,False
2023-10-31,SKU-ALPHA,207.0,24.99,False
2023-11-01,SKU-ALPHA,222.0,24.99,False
2023-11-02,SKU-ALPHA,288.0,24.99,False
2023-11-03,SKU-ALPHA,265.0,24.99,False
2023-11-04,SKU-ALPHA,249.0,24.99,False
2023-11-05,SKU-ALPHA,241.0,24.99,False
2023-11-06,SKU-ALPHA,270.0,24.99,False
2023-11-07,SKU-ALPHA,220.0,24.99,False
2023-11-08,SKU-ALPHA,218.0,24.99,False
2023-11-09,SKU-ALPHA,256.0,24.99,False
2023-11-10,SKU-ALPHA,252.0,24.99,False
2023-11-11,SKU-ALPHA,263.0,24.99,False
2023-11-12,SKU-ALPHA,213.0,24.99,False
2023-11-13,SKU-ALPHA,264.0,24.99,False
2023-11-14,SKU-ALPHA,256.0,24.99,False
2023-11-15,SKU-ALPHA,234.0,24.99,False
2023-11-16,SKU-ALPHA,242.0,24.99,False
2023-11-17,SKU-ALPHA,194.0,24.99,False
2023-11-18,SKU-ALPHA,259.0,24.99,False
2023-11-19,SKU-ALPHA,217.0,24.99,False
2023-11-20,SKU-ALPHA,231.0,24.99,False
2023-11-21,SKU-ALPHA,233.0,24.99,False
2023-11-22,SKU-ALPHA,213.0,24.99,False
2023-11-23,SKU-ALPHA,191.0,24.99,False
2023-11-24,SKU-ALPHA,243.0,24.99,False
2023-11-25,SKU-ALPHA,226.0,24.99,False
2023-11-26,SKU-ALPHA,212.0,24.99,False
2023-11-27,SKU-ALPHA,302.0,21.24,True
2023-11-28,SKU-ALPHA,305.0,21.24,True
2023-11-29,SKU-ALPHA,251.0,21.24,True
2023-11-30,SKU-ALPHA,359.0,21.24,True
2023-12-01,SKU-ALPHA,346.0,21.24,True
2023-12-02,SKU-ALPHA,383.0,21.24,True
2023-12-03,SKU-ALPHA,255.0,24.99,False
2023-12-04,SKU-ALPHA,219.0,24.99,False
2023-12-05,SKU-ALPHA,181.0,24.99,False
2023-12-06,SKU-ALPHA,200.0,24.99,False
2023-12-07,SKU-ALPHA,198.0,24.99,False
2023-12-08,SKU-ALPHA,222.0,24.99,False
2023-12-09,SKU-ALPHA,241.0,24.99,False
2023-12-10,SKU-ALPHA,177.0,24.99,False
2023-12-11,SKU-ALPHA,225.0,24.99,False
2023-12-12,SKU-ALPHA,186.0,24.99,False
2023-12-13,SKU-ALPHA,222.0,24.99,False
2023-12-14,SKU-ALPHA,219.0,24.99,False
2023-12-15,SKU-ALPHA,304.0,24.99,False
2023-12-16,SKU-ALPHA,320.0,24.99,False
2023-12-17,SKU-ALPHA,277.0,24.99,False
2023-12-18,SKU-ALPHA,278.0,24.99,False
2023-12-19,SKU-ALPHA,246.0,24.99,False
2023-12-20,SKU-ALPHA,291.0,24.99,False
2023-12-21,SKU-ALPHA,349.0,24.99,False
2023-12-22,SKU-ALPHA,369.0,24.99,False
2023-12-23,SKU-ALPHA,361.0,24.99,False
2023-12-24,SKU-ALPHA,310.0,24.99,False
2023-12-25,SKU-ALPHA,277.0,24.99,False
2023-12-26,SKU-ALPHA,329.0,24.99,False
2023-12-27,SKU-ALPHA,292.0,24.99,False
2023-12-28,SKU-ALPHA,299.0,24.99,False
2023-12-29,SKU-ALPHA,306.0,24.99,False
2023-12-30,SKU-ALPHA,327.0,24.99,False
2023-12-31,SKU-ALPHA,282.0,24.99,False
2024-01-01,SKU-ALPHA,218.0,24.99,False
2024-01-02,SKU-ALPHA,196.0,24.99,False
2024-01-03,SKU-ALPHA,211.0,24.99,False
2024-01-04,SKU-ALPHA,270.0,24.99,False
2024-01-05,SKU-ALPHA,233.0,24.99,False
2024-01-06,SKU-ALPHA,237.0,24.99,False
2024-01-07,SKU-ALPHA,230.0,24.99,False
2024-01-08,SKU-ALPHA,236.0,24.99,False
2024-01-09,SKU-ALPHA,197.0,24.99,False
2024-01-10,SKU-ALPHA,314.0,21.24,True
2024-01-11,SKU-ALPHA,356.0,21.24,True
2024-01-12,SKU-ALPHA,352.0,21.24,True
2024-01-13,SKU-ALPHA,359.0,21.24,True
2024-01-14,SKU-ALPHA,366.0,21.24,True
2024-01-15,SKU-ALPHA,305.0,21.24,True
2024-01-16,SKU-ALPHA,324.0,21.24,True
2024-01-17,SKU-ALPHA,309.0,21.24,True
2024-01-18,SKU-ALPHA,260.0,24.99,False
2024-01-19,SKU-ALPHA,198.0,24.99,False
2024-01-20,SKU-ALPHA,233.0,24.99,False
2024-01-21,SKU-ALPHA,214.0,24.99,False
2024-01-22,SKU-ALPHA,241.0,24.99,False
2024-01-23,SKU-ALPHA,237.0,24.99,False
2024-01-24,SKU-ALPHA,256.0,24.99,False
2024-01-25,SKU-ALPHA,200.0,24.99,False
2024-01-26,SKU-ALPHA,261.0,24.99,False
2024-01-27,SKU-ALPHA,246.0,24.99,False
2024-01-28,SKU-ALPHA,215.0,24.99,False
2024-01-29,SKU-ALPHA,243.0,24.99,False
2024-01-30,SKU-ALPHA,210.0,24.99,False
2024-01-31,SKU-ALPHA,188.0,24.99,False
2024-02-01,SKU-ALPHA,229.0,24.99,False
2024-02-02,SKU-ALPHA,215.0,24.99,False
2024-02-03,SKU-ALPHA,242.0,24.99,False
2024-02-04,SKU-ALPHA,241.0,24.99,False
2024-02-05,SKU-ALPHA,242.0,24.99,False
2024-02-06,SKU-ALPHA,267.0,24.99,False
2024-02-07,SKU-ALPHA,231.0,24.99,False
2024-02-08,SKU-ALPHA,209.0,24.99,False
2024-02-09,SKU-ALPHA,237.0,24.99,False
2024-02-10,SKU-ALPHA,241.0,24.99,False
2024-02-11,SKU-ALPHA,212.0,24.99,False
2024-02-12,SKU-ALPHA,250.0,24.99,False
2024-02-13,SKU-ALPHA,225.0,24.99,False
2024-02-14,SKU-ALPHA,198.0,24.99,False
2024-02-15,SKU-ALPHA,263.0,24.99,False
2024-02-16,SKU-ALPHA,257.0,24.99,False
2024-02-17,SKU-ALPHA,277.0,24.99,False
2024-02-18,SKU-ALPHA,245.0,24.99,False
2024-02-19,SKU-ALPHA,260.0,24.99,False
2024-02-20,SKU-ALPHA,245.0,24.99,False
2024-02-21,SKU-ALPHA,273.0,24.99,False
2024-02-22,SKU-ALPHA,262.0,24.99,False
2024-02-23,SKU-ALPHA,275.0,24.99,False
2024-02-24,SKU-ALPHA,284.0,24.99,False
2024-02-25,SKU-ALPHA,216.0,24.99,False
2024-02-26,SKU-ALPHA,248.0,24.99,False
2024-02-27,SKU-ALPHA,244.0,24.99,False
2024-02-28,SKU-ALPHA,257.0,24.99,False
2024-02-29,SKU-ALPHA,227.0,24.99,False
2024-03-01,SKU-ALPHA,311.0,24.99,False
2024-03-02,SKU-ALPHA,283.0,24.99,False
2024-03-03,SKU-ALPHA,227.0,24.99,False
2024-03-04,SKU-ALPHA,218.0,24.99,False
2024-03-05,SKU-ALPHA,249.0,24.99,False
2024-03-06,SKU-ALPHA,256.0,24.99,False
2024-03-07,SKU-ALPHA,359.0,21.24,True
2024-03-08,SKU-ALPHA,406.0,21.24,True
2024-03-09,SKU-ALPHA,393.0,21.24,True
2024-03-10,SKU-ALPHA,397.0,21.24,True
2024-03-11,SKU-ALPHA,358.0,21.24,True
2024-03-12,SKU-ALPHA,378.0,21.24,True
2024-03-13,SKU-ALPHA,417.0,21.24,True
2024-03-14,SKU-ALPHA,334.0,24.99,False
2024-03-15,SKU-ALPHA,259.0,24.99,False
2024-03-16,SKU-ALPHA,282.0,24.99,False
2024-03-17,SKU-ALPHA,247.0,24.99,False
2024-03-18,SKU-ALPHA,289.0,24.99,False
2024-03-19,SKU-ALPHA,240.0,24.99,False
2024-03-20,SKU-ALPHA,259.0,24.99,False
2024-03-21,SKU-ALPHA,277.0,24.99,False
2024-03-22,SKU-ALPHA,266.0,24.99,False
2024-03-23,SKU-ALPHA,275.0,24.99,False
2024-03-24,SKU-ALPHA,261.0,24.99,False
2024-03-25,SKU-ALPHA,224.0,24.99,False
2024-03-26,SKU-ALPHA,238.0,24.99,False
2024-03-27,SKU-ALPHA,266.0,24.99,False
2024-03-28,SKU-ALPHA,288.0,24.99,False
2024-03-29,SKU-ALPHA,293.0,24.99,False
2024-03-30,SKU-ALPHA,259.0,24.99,False
2024-03-31,SKU-ALPHA,268.0,24.99,False
2024-04-01,SKU-ALPHA,303.0,24.99,False
2024-04-02,SKU-ALPHA,294.0,24.99,False
2024-04-03,SKU-ALPHA,281.0,24.99,False
2024-04-04,SKU-ALPHA,268.0,24.99,False
2024-04-05,SKU-ALPHA,322.0,24.99,False
2024-04-06,SKU-ALPHA,299.0,24.99,False
2024-04-07,SKU-ALPHA,256.0,24.99,False
2024-04-08,SKU-ALPHA,268.0,24.99,False
2024-04-09,SKU-ALPHA,324.0,24.99,False
2024-04-10,SKU-ALPHA,295.0,24.99,False
2024-04-11,SKU-ALPHA,328.0,24.99,False
2024-04-12,SKU-ALPHA,298.0,24.99,False
2024-04-13,SKU-ALPHA,349.0,24.99,False
2024-04-14,SKU-ALPHA,276.0,24.99,False
2024-04-15,SKU-ALPHA,291.0,24.99,False
2024-04-16,SKU-ALPHA,358.0,24.99,False
2024-04-17,SKU-ALPHA,315.0,24.99,False
2024-04-18,SKU-ALPHA,289.0,24.99,False
2024-04-19,SKU-ALPHA,315.0,24.99,False
2024-04-20,SKU-ALPHA,338.0,24.99,False
2024-04-21,SKU-ALPHA,330.0,24.99,False
2024-04-22,SKU-ALPHA,288.0,24.99,False
2024-04-23,SKU-ALPHA,251.0,24.99,False
2024-04-24,SKU-ALPHA,293.0,24.99,False
2024-04-25,SKU-ALPHA,309.0,24.99,False
2024-04-26,SKU-ALPHA,327.0,24.99,False
2024-04-27,SKU-ALPHA,374.0,24.99,False
2024-04-28,SKU-ALPHA,451.0,21.24,True
2024-04-29,SKU-ALPHA,477.0,21.24,True
2024-04-30,SKU-ALPHA,396.0,21.24,True
2024-05-01,SKU-ALPHA,478.0,21.24,True
2024-05-02,SKU-ALPHA,541.0,21.24,True
2024-05-03,SKU-ALPHA,510.0,21.24,True
2024-05-04,SKU-ALPHA,348.0,24.99,False
2024-05-05,SKU-ALPHA,312.0,24.99,False
2024-05-06,SKU-ALPHA,361.0,24.99,False
2024-05-07,SKU-ALPHA,282.0,24.99,False
2024-05-08,SKU-ALPHA,308.0,24.99,False
2024-05-09,SKU-ALPHA,332.0,24.99,False
2024-05-10,SKU-ALPHA,356.0,24.99,False
2024-05-11,SKU-ALPHA,331.0,24.99,False
2024-05-12,SKU-ALPHA,321.0,24.99,False
2024-05-13,SKU-ALPHA,308.0,24.99,False
2024-05-14,SKU-ALPHA,316.0,24.99,False
2024-05-15,SKU-ALPHA,311.0,24.99,False
2024-05-16,SKU-ALPHA,290.0,24.99,False
2024-05-17,SKU-ALPHA,338.0,24.99,False
2024-05-18,SKU-ALPHA,377.0,24.99,False
2024-05-19,SKU-ALPHA,289.0,24.99,False
2024-05-20,SKU-ALPHA,313.0,24.99,False
2024-05-21,SKU-ALPHA,335.0,24.99,False
2024-05-22,SKU-ALPHA,288.0,24.99,False
2024-05-23,SKU-ALPHA,332.0,24.99,False
2024-05-24,SKU-ALPHA,309.0,24.99,False
2024-05-25,SKU-ALPHA,389.0,24.99,False
2024-05-26,SKU-ALPHA,386.0,24.99,False
2024-05-27,SKU-ALPHA,381.0,24.99,False
2024-05-28,SKU-ALPHA,313.0,24.99,False
2024-05-29,SKU-ALPHA,343.0,24.99,False
2024-05-30,SKU-ALPHA,333.0,24.99,False
2024-05-31,SKU-ALPHA,348.0,24.99,False
2024-06-01,SKU-ALPHA,406.0,24.99,False
2024-06-02,SKU-ALPHA,284.0,24.99,False
2024-06-03,SKU-ALPHA,356.0,24.99,False
2024-06-04,SKU-ALPHA,320.0,24.99,False
2024-06-05,SKU-ALPHA,529.0,21.24,True
2024-06-06,SKU-ALPHA,490.0,21.24,True
2024-06-07,SKU-ALPHA,473.0,21.24,True
2024-06-08,SKU-ALPHA,533.0,21.24,True
2024-06-09,SKU-ALPHA,501.0,21.24,True
2024-06-10,SKU-ALPHA,476.0,21.24,True
2024-06-11,SKU-ALPHA,489.0,21.24,True
2024-06-12,SKU-ALPHA,450.0,21.24,True
2024-06-13,SKU-ALPHA,270.0,24.99,False
2024-06-14,SKU-ALPHA,377.0,24.99,False
2024-06-15,SKU-ALPHA,383.0,24.99,False
2024-06-16,SKU-ALPHA,330.0,24.99,False
2024-06-17,SKU-ALPHA,330.0,24.99,False
2024-06-18,SKU-ALPHA,355.0,24.99,False
2024-06-19,SKU-ALPHA,313.0,24.99,False
2024-06-20,SKU-ALPHA,313.0,24.99,False
2024-06-21,SKU-ALPHA,344.0,24.99,False
2024-06-22,SKU-ALPHA,399.0,24.99,False
2024-06-23,SKU-ALPHA,285.0,24.99,False
2024-06-24,SKU-ALPHA,364.0,24.99,False
2024-06-25,SKU-ALPHA,306.0,24.99,False
2024-06-26,SKU-ALPHA,294.0,24.99,False
2024-06-27,SKU-ALPHA,373.0,24.99,False
2024-06-28,SKU-ALPHA,347.0,24.99,False
2024-06-29,SKU-ALPHA,318.0,24.99,False
2024-06-30,SKU-ALPHA,315.0,24.99,False
2024-07-01,SKU-ALPHA,356.0,24.99,False
2024-07-02,SKU-ALPHA,359.0,24.99,False
2024-07-03,SKU-ALPHA,314.0,24.99,False
2024-07-04,SKU-ALPHA,346.0,24.99,False
2024-07-05,SKU-ALPHA,372.0,24.99,False
2024-07-06,SKU-ALPHA,339.0,24.99,False
2024-07-07,SKU-ALPHA,335.0,24.99,False
2024-07-08,SKU-ALPHA,327.0,24.99,False
2024-07-09,SKU-ALPHA,308.0,24.99,False
2024-07-10,SKU-ALPHA,311.0,24.99,False
2024-07-11,SKU-ALPHA,335.0,24.99,False
2024-07-12,SKU-ALPHA,349.0,24.99,False
2024-07-13,SKU-ALPHA,340.0,24.99,False
2024-07-14,SKU-ALPHA,311.0,24.99,False
2024-07-15,SKU-ALPHA,359.0,24.99,False
2024-07-16,SKU-ALPHA,328.0,24.99,False
2024-07-17,SKU-ALPHA,349.0,24.99,False
2024-07-18,SKU-ALPHA,367.0,24.99,False
2024-07-19,SKU-ALPHA,364.0,24.99,False
2024-07-20,SKU-ALPHA,621.0,21.24,True
2024-07-21,SKU-ALPHA,431.0,21.24,True
2024-07-22,SKU-ALPHA,503.0,21.24,True
2024-07-23,SKU-ALPHA,450.0,21.24,True
2024-07-24,SKU-ALPHA,374.0,24.99,False
2024-07-25,SKU-ALPHA,378.0,24.99,False
2024-07-26,SKU-ALPHA,282.0,24.99,False
2024-07-27,SKU-ALPHA,322.0,24.99,False
2024-07-28,SKU-ALPHA,337.0,24.99,False
2024-07-29,SKU-ALPHA,343.0,24.99,False
2024-07-30,SKU-ALPHA,337.0,24.99,False
2024-07-31,SKU-ALPHA,316.0,24.99,False
2024-08-01,SKU-ALPHA,338.0,24.99,False
2024-08-02,SKU-ALPHA,359.0,24.99,False
2024-08-03,SKU-ALPHA,346.0,24.99,False
2024-08-04,SKU-ALPHA,344.0,24.99,False
2024-08-05,SKU-ALPHA,253.0,24.99,False
2024-08-06,SKU-ALPHA,330.0,24.99,False
2024-08-07,SKU-ALPHA,285.0,24.99,False
2024-08-08,SKU-ALPHA,349.0,24.99,False
2024-08-09,SKU-ALPHA,328.0,24.99,False
2024-08-10,SKU-ALPHA,317.0,24.99,False
2024-08-11,SKU-ALPHA,321.0,24.99,False
2024-08-12,SKU-ALPHA,287.0,24.99,False
2024-08-13,SKU-ALPHA,283.0,24.99,False
2024-08-14,SKU-ALPHA,266.0,24.99,False
2024-08-15,SKU-ALPHA,316.0,24.99,False
2024-08-16,SKU-ALPHA,345.0,24.99,False
2024-08-17,SKU-ALPHA,371.0,24.99,False
2024-08-18,SKU-ALPHA,302.0,24.99,False
2024-08-19,SKU-ALPHA,337.0,24.99,False
2024-08-20,SKU-ALPHA,304.0,24.99,False
2024-08-21,SKU-ALPHA,303.0,24.99,False
2024-08-22,SKU-ALPHA,328.0,24.99,False
2024-08-23,SKU-ALPHA,356.0,24.99,False
2024-08-24,SKU-ALPHA,324.0,24.99,False
2024-08-25,SKU-ALPHA,295.0,24.99,False
2024-08-26,SKU-ALPHA,299.0,24.99,False
2024-08-27,SKU-ALPHA,301.0,24.99,False
2024-08-28,SKU-ALPHA,276.0,24.99,False
2024-08-29,SKU-ALPHA,335.0,24.99,False
2024-08-30,SKU-ALPHA,308.0,24.99,False
2024-08-31,SKU-ALPHA,342.0,24.99,False
2024-09-01,SKU-ALPHA,274.0,24.99,False
2024-09-02,SKU-ALPHA,308.0,24.99,False
2024-09-03,SKU-ALPHA,304.0,24.99,False
2024-09-04,SKU-ALPHA,284.0,24.99,False
2024-09-05,SKU-ALPHA,356.0,24.99,False
2024-09-06,SKU-ALPHA,325.0,24.99,False
2024-09-07,SKU-ALPHA,374.0,24.99,False
2024-09-08,SKU-ALPHA,316.0,24.99,False
2024-09-09,SKU-ALPHA,275.0,24.99,False
2024-09-10,SKU-ALPHA,278.0,24.99,False
2024-09-11,SKU-ALPHA,301.0,24.99,False
2024-09-12,SKU-ALPHA,431.0,21.24,True
2024-09-13,SKU-ALPHA,449.0,21.24,True
2024-09-14,SKU-ALPHA,447.0,21.24,True
2024-09-15,SKU-ALPHA,239.0,24.99,False
2024-09-16,SKU-ALPHA,281.0,24.99,False
2024-09-17,SKU-ALPHA,226.0,24.99,False
2024-09-18,SKU-ALPHA,293.0,24.99,False
2024-09-19,SKU-ALPHA,271.0,24.99,False
2024-09-20,SKU-ALPHA,283.0,24.99,False
2024-09-21,SKU-ALPHA,304.0,24.99,False
2024-09-22,SKU-ALPHA,286.0,24.99,False
2024-09-23,SKU-ALPHA,245.0,24.99,False
2024-09-24,SKU-ALPHA,234.0,24.99,False
2024-09-25,SKU-ALPHA,251.0,24.99,False
2024-09-26,SKU-ALPHA,232.0,24.99,False
2024-09-27,SKU-ALPHA,270.0,24.99,False
2024-09-28,SKU-ALPHA,348.0,24.99,False
2024-09-29,SKU-ALPHA,248.0,24.99,False
2024-09-30,SKU-ALPHA,292.0,24.99,False
2024-10-01,SKU-ALPHA,238.0,24.99,False
2024-10-02,SKU-ALPHA,280.0,24.99,False
2024-10-03,SKU-ALPHA,270.0,24.99,False
2024-10-04,SKU-ALPHA,289.0,24.99,False
2024-10-05,SKU-ALPHA,313.0,24.99,False
2024-10-06,SKU-ALPHA,311.0,24.99,False
2024-10-07,SKU-ALPHA,275.0,24.99,False
2024-10-08,SKU-ALPHA,269.0,24.99,False
2024-10-09,SKU-ALPHA,244.0,24.99,False
2024-10-10,SKU-ALPHA,287.0,24.99,False
2024-10-11,SKU-ALPHA,278.0,24.99,False
2024-10-12,SKU-ALPHA,314.0,24.99,False
2024-10-13,SKU-ALPHA,262.0,24.99,False
2024-10-14,SKU-ALPHA,306.0,24.99,False
2024-10-15,SKU-ALPHA,214.0,24.99,False
2024-10-16,SKU-ALPHA,255.0,24.99,False
2024-10-17,SKU-ALPHA,289.0,24.99,False
2024-10-18,SKU-ALPHA,270.0,24.99,False
2024-10-19,SKU-ALPHA,266.0,24.99,False
2024-10-20,SKU-ALPHA,252.0,24.99,False
2024-10-21,SKU-ALPHA,228.0,24.99,False
2024-10-22,SKU-ALPHA,259.0,24.99,False
2024-10-23,SKU-ALPHA,313.0,24.99,False
2024-10-24,SKU-ALPHA,290.0,24.99,False
2024-10-25,SKU-ALPHA,246.0,24.99,False
2024-10-26,SKU-ALPHA,259.0,24.99,False
2024-10-27,SKU-ALPHA,244.0,24.99,False
2024-10-28,SKU-ALPHA,278.0,24.99,False
2024-10-29,SKU-ALPHA,233.0,24.99,False
2024-10-30,SKU-ALPHA,237.0,24.99,False
2024-10-31,SKU-ALPHA,278.0,24.99,False
2024-11-01,SKU-ALPHA,290.0,24.99,False
2024-11-02,SKU-ALPHA,267.0,24.99,False
2024-11-03,SKU-ALPHA,224.0,24.99,False
2024-11-04,SKU-ALPHA,216.0,24.99,False
2024-11-05,SKU-ALPHA,336.0,21.24,True
2024-11-06,SKU-ALPHA,288.0,21.24,True
2024-11-07,SKU-ALPHA,393.0,21.24,True
2024-11-08,SKU-ALPHA,362.0,21.24,True
2024-11-09,SKU-ALPHA,412.0,21.24,True
2024-11-10,SKU-ALPHA,416.0,21.24,True
2024-11-11,SKU-ALPHA,274.0,24.99,False
2024-11-12,SKU-ALPHA,219.0,24.99,False
2024-11-13,SKU-ALPHA,264.0,24.99,False
2024-11-14,SKU-ALPHA,277.0,24.99,False
2024-11-15,SKU-ALPHA,244.0,24.99,False
2024-11-16,SKU-ALPHA,246.0,24.99,False
2024-11-17,SKU-ALPHA,240.0,24.99,False
2024-11-18,SKU-ALPHA,209.0,24.99,False
2024-11-19,SKU-ALPHA,273.0,24.99,False
2024-11-20,SKU-ALPHA,190.0,24.99,False
2024-11-21,SKU-ALPHA,223.0,24.99,False
2024-11-22,SKU-ALPHA,252.0,24.99,False
2024-11-23,SKU-ALPHA,261.0,24.99,False
2024-11-24,SKU-ALPHA,244.0,24.99,False
2024-11-25,SKU-ALPHA,248.0,24.99,False
2024-11-26,SKU-ALPHA,234.0,24.99,False
2024-11-27,SKU-ALPHA,264.0,24.99,False
2024-11-28,SKU-ALPHA,198.0,24.99,False
2024-11-29,SKU-ALPHA,256.0,24.99,False
2024-11-30,SKU-ALPHA,247.0,24.99,False
2024-12-01,SKU-ALPHA,241.0,24.99,False
2024-12-02,SKU-ALPHA,245.0,24.99,False
2024-12-03,SKU-ALPHA,218.0,24.99,False
2024-12-04,SKU-ALPHA,225.0,24.99,False
2024-12-05,SKU-ALPHA,261.0,24.99,False
2024-12-06,SKU-ALPHA,381.0,21.24,True
2024-12-07,SKU-ALPHA,357.0,21.24,True
2024-12-08,SKU-ALPHA,407.0,21.24,True
2024-12-09,SKU-ALPHA,289.0,24.99,False
2024-12-10,SKU-ALPHA,205.0,24.99,False
2024-12-11,SKU-ALPHA,244.0,24.99,False
2024-12-12,SKU-ALPHA,298.0,24.99,False
2024-12-13,SKU-ALPHA,272.0,24.99,False
2024-12-14,SKU-ALPHA,267.0,24.99,False
2024-12-15,SKU-ALPHA,313.0,24.99,False
2024-12-16,SKU-ALPHA,307.0,24.99,False
2024-12-17,SKU-ALPHA,312.0,24.99,False
2024-12-18,SKU-ALPHA,305.0,24.99,False
2024-12-19,SKU-ALPHA,350.0,24.99,False
2024-12-20,SKU-ALPHA,331.0,24.99,False
2024-12-21,SKU-ALPHA,340.0,24.99,False
2024-12-22,SKU-ALPHA,285.0,24.99,False
2024-12-23,SKU-ALPHA,322.0,24.99,False
2024-12-24,SKU-ALPHA,294.0,24.99,False
2024-12-25,SKU-ALPHA,316.0,24.99,False
2024-12-26,SKU-ALPHA,360.0,24.99,False
2024-12-27,SKU-ALPHA,356.0,24.99,False
2024-12-28,SKU-ALPHA,372.0,24.99,False
2024-12-29,SKU-ALPHA,332.0,24.99,False
2024-12-30,SKU-ALPHA,326.0,24.99,False
2024-12-31,SKU-ALPHA,317.0,24.99,False
2022-01-01,SKU-BRAVO,100.0,12.5,False
2022-01-02,SKU-BRAVO,76.0,12.5,False
2022-01-03,SKU-BRAVO,66.0,12.5,False
2022-01-04,SKU-BRAVO,67.0,12.5,False
2022-01-05,SKU-BRAVO,70.0,12.5,False
2022-01-06,SKU-BRAVO,61.0,12.5,False
2022-01-07,SKU-BRAVO,61.0,12.5,False
2022-01-08,SKU-BRAVO,129.0,10.62,True
2022-01-09,SKU-BRAVO,96.0,10.62,True
2022-01-10,SKU-BRAVO,111.0,10.62,True
2022-01-11,SKU-BRAVO,66.0,12.5,False
2022-01-12,SKU-BRAVO,87.0,12.5,False
2022-01-13,SKU-BRAVO,60.0,12.5,False
2022-01-14,SKU-BRAVO,72.0,12.5,False
2022-01-15,SKU-BRAVO,75.0,12.5,False
2022-01-16,SKU-BRAVO,70.0,12.5,False
2022-01-17,SKU-BRAVO,77.0,12.5,False
2022-01-18,SKU-BRAVO,62.0,12.5,False
2022-01-19,SKU-BRAVO,59.0,12.5,False
2022-01-20,SKU-BRAVO,54.0,12.5,False
2022-01-21,SKU-BRAVO,65.0,12.5,False
2022-01-22,SKU-BRAVO,84.0,12.5,False
2022-01-23,SKU-BRAVO,68.0,12.5,False
2022-01-24,SKU-BRAVO,59.0,12.5,False
2022-01-25,SKU-BRAVO,64.0,12.5,False
2022-01-26,SKU-BRAVO,69.0,12.5,False
2022-01-27,SKU-BRAVO,77.0,12.5,False
2022-01-28,SKU-BRAVO,70.0,12.5,False
2022-01-29,SKU-BRAVO,78.0,12.5,False
2022-01-30,SKU-BRAVO,52.0,12.5,False
2022-01-31,SKU-BRAVO,59.0,12.5,False
2022-02-01,SKU-BRAVO,86.0,12.5,False
2022-02-02,SKU-BRAVO,49.0,12.5,False
2022-02-03,SKU-BRAVO,70.0,12.5,False
2022-02-04,SKU-BRAVO,82.0,12.5,False
2022-02-05,SKU-BRAVO,79.0,12.5,False
2022-02-06,SKU-BRAVO,64.0,12.5,False
2022-02-07,SKU-BRAVO,73.0,12.5,False
2022-02-08,SKU-BRAVO,72.0,12.5,False
2022-02-09,SKU-BRAVO,72.0,12.5,False
2022-02-10,SKU-BRAVO,56.0,12.5,False
2022-02-11,SKU-BRAVO,80.0,12.5,False
2022-02-12,SKU-BRAVO,76.0,12.5,False
2022-02-13,SKU-BRAVO,69.0,12.5,False
2022-02-14,SKU-BRAVO,78.0,12.5,False
2022-02-15,SKU-BRAVO,81.0,12.5,False
2022-02-16,SKU-BRAVO,85.0,12.5,False
2022-02-17,SKU-BRAVO,73.0,12.5,False
2022-02-18,SKU-BRAVO,96.0,12.5,False
2022-02-19,SKU-BRAVO,104.0,12.5,False
2022-02-20,SKU-BRAVO,89.0,12.5,False
2022-02-21,SKU-BRAVO,94.0,12.5,False
2022-02-22,SKU-BRAVO,76.0,12.5,False
2022-02-23,SKU-BRAVO,130.0,10.62,True
2022-02-24,SKU-BRAVO,155.0,10.62,True
2022-02-25,SKU-BRAVO,121.0,10.62,True
2022-02-26,SKU-BRAVO,162.0,10.62,True
2022-02-27,SKU-BRAVO,126.0,10.62,True
2022-02-28,SKU-BRAVO,131.0,10.62,True
2022-03-01,SKU-BRAVO,103.0,10.62,True
2022-03-02,SKU-BRAVO,71.0,12.5,False
2022-03-03,SKU-BRAVO,85.0,12.5,False
2022-03-04,SKU-BRAVO,103.0,12.5,False
2022-03-05,SKU-BRAVO,109.0,12.5,False
2022-03-06,SKU-BRAVO,82.0,12.5,False
2022-03-07,SKU-BRAVO,82.0,12.5,False
2022-03-08,SKU-BRAVO,74.0,12.5,False
2022-03-09,SKU-BRAVO,89.0,12.5,False
2022-03-10,SKU-BRAVO,85.0,12.5,False
2022-03-11,SKU-BRAVO,103.0,12.5,False
2022-03-12,SKU-BRAVO,124.0,12.5,False
2022-03-13,SKU-BRAVO,86.0,12.5,False
2022-03-14,SKU-BRAVO,69.0,12.5,False
2022-03-15,SKU-BRAVO,76.0,12.5,False
2022-03-16,SKU-BRAVO,70.0,12.5,False
2022-03-17,SKU-BRAVO,76.0,12.5,False
2022-03-18,SKU-BRAVO,116.0,12.5,False
2022-03-19,SKU-BRAVO,106.0,12.5,False
2022-03-20,SKU-BRAVO,70.0,12.5,False
2022-03-21,SKU-BRAVO,99.0,12.5,False
2022-03-22,SKU-BRAVO,105.0,12.5,False
2022-03-23,SKU-BRAVO,86.0,12.5,False
2022-03-24,SKU-BRAVO,86.0,12.5,False
2022-03-25,SKU-BRAVO,97.0,12.5,False
2022-03-26,SKU-BRAVO,111.0,12.5,False
2022-03-27,SKU-BRAVO,100.0,12.5,False
2022-03-28,SKU-BRAVO,109.0,12.5,False
2022-03-29,SKU-BRAVO,108.0,12.5,False
2022-03-30,SKU-BRAVO,110.0,12.5,False
2022-03-31,SKU-BRAVO,116.0,12.5,False
2022-04-01,SKU-BRAVO,115.0,12.5,False
2022-04-02,SKU-BRAVO,148.0,10.62,True
2022-04-03,SKU-BRAVO,159.0,10.62,True
2022-04-04,SKU-BRAVO,172.0,10.62,True
2022-04-05,SKU-BRAVO,154.0,10.62,True
2022-04-06,SKU-BRAVO,186.0,10.62,True
2022-04-07,SKU-BRAVO,163.0,10.62,True
2022-04-08,SKU-BRAVO,161.0,10.62,True
2022-04-09,SKU-BRAVO,137.0,12.5,False
2022-04-10,SKU-BRAVO,107.0,12.5,False
2022-04-11,SKU-BRAVO,103.0,12.5,False
2022-04-12,SKU-BRAVO,111.0,12.5,False
2022-04-13,SKU-BRAVO,115.0,12.5,False
2022-04-14,SKU-BRAVO,109.0,12.5,False
2022-04-15,SKU-BRAVO,73.0,12.5,False
2022-04-16,SKU-BRAVO,106.0,12.5,False
2022-04-17,SKU-BRAVO,95.0,12.5,False
2022-04-18,SKU-BRAVO,89.0,12.5,False
2022-04-19,SKU-BRAVO,104.0,12.5,False
2022-04-20,SKU-BRAVO,120.0,12.5,False
2022-04-21,SKU-BRAVO,100.0,12.5,False
2022-04-22,SKU-BRAVO,97.0,12.5,False
2022-04-23,SKU-BRAVO,155.0,12.5,False
2022-04-24,SKU-BRAVO,97.0,12.5,False
2022-04-25,SKU-BRAVO,87.0,12.5,False
2022-04-26,SKU-BRAVO,108.0,12.5,False
2022-04-27,SKU-BRAVO,112.0,12.5,False
2022-04-28,SKU-BRAVO,99.0,12.5,False
2022-04-29,SKU-BRAVO,131.0,12.5,False
2022-04-30,SKU-BRAVO,115.0,12.5,False
2022-05-01,SKU-BRAVO,93.0,12.5,False
2022-05-02,SKU-BRAVO,111.0,12.5,False
2022-05-03,SKU-BRAVO,200.0,10.62,True
2022-05-04,SKU-BRAVO,167.0,10.62,True
2022-05-05,SKU-BRAVO,199.0,10.62,True
2022-05-06,SKU-BRAVO,119.0,12.5,False
2022-05-07,SKU-BRAVO,176.0,12.5,False
2022-05-08,SKU-BRAVO,98.0,12.5,False
2022-05-09,SKU-BRAVO,132.0,12.5,False
2022-05-10,SKU-BRAVO,108.0,12.5,False
2022-05-11,SKU-BRAVO,108.0,12.5,False
2022-05-12,SKU-BRAVO,126.0,12.5,False
2022-05-13,SKU-BRAVO,138.0,12.5,False
2022-05-14,SKU-BRAVO,151.0,12.5,False
2022-05-15,SKU-BRAVO,115.0,12.5,False
2022-05-16,SKU-BRAVO,103.0,12.5,False
2022-05-17,SKU-BRAVO,102.0,12.5,False
2022-05-18,SKU-BRAVO,120.0,12.5,False
2022-05-19,SKU-BRAVO,125.0,12.5,False
2022-05-20,SKU-BRAVO,149.0,12.5,False
2022-05-21,SKU-BRAVO,138.0,12.5,False
2022-05-22,SKU-BRAVO,129.0,12.5,False
2022-05-23,SKU-BRAVO,138.0,12.5,False
2022-05-24,SKU-BRAVO,114.0,12.5,False
2022-05-25,SKU-BRAVO,90.0,12.5,False
2022-05-26,SKU-BRAVO,98.0,12.5,False
2022-05-27,SKU-BRAVO,100.0,12.5,False
2022-05-28,SKU-BRAVO,161.0,12.5,False
2022-05-29,SKU-BRAVO,100.0,12.5,False
2022-05-30,SKU-BRAVO,135.0,12.5,False
2022-05-31,SKU-BRAVO,122.0,12.5,False
2022-06-01,SKU-BRAVO,142.0,12.5,False
2022-06-02,SKU-BRAVO,135.0,12.5,False
2022-06-03,SKU-BRAVO,125.0,12.5,False
2022-06-04,SKU-BRAVO,129.0,12.5,False
2022-06-05,SKU-BRAVO,116.0,12.5,False
2022-06-06,SKU-BRAVO,119.0,12.5,False
2022-06-07,SKU-BRAVO,105.0,12.5,False
2022-06-08,SKU-BRAVO,114.0,12.5,False
2022-06-09,SKU-BRAVO,146.0,12.5,False
2022-06-10,SKU-BRAVO,97.0,12.5,False
2022-06-11,SKU-BRAVO,138.0,12.5,False
2022-06-12,SKU-BRAVO,170.0,10.62,True
2022-06-13,SKU-BRAVO,203.0,10.62,True
2022-06-14,SKU-BRAVO,217.0,10.62,True
2022-06-15,SKU-BRAVO,195.0,10.62,True
2022-06-16,SKU-BRAVO,225.0,10.62,True
2022-06-17,SKU-BRAVO,99.0,12.5,False
2022-06-18,SKU-BRAVO,155.0,12.5,False
2022-06-19,SKU-BRAVO,105.0,12.5,False
2022-06-20,SKU-BRAVO,127.0,12.5,False
2022-06-21,SKU-BRAVO,117.0,12.5,False
2022-06-22,SKU-BRAVO,74.0,12.5,False
2022-06-23,SKU-BRAVO,107.0,12.5,False
2022-06-24,SKU-BRAVO,132.0,12.5,False
2022-06-25,SKU-BRAVO,163.0,12.5,False
2022-06-26,SKU-BRAVO,119.0,12.5,False
2022-06-27,SKU-BRAVO,120.0,12.5,False
2022-06-28,SKU-BRAVO,91.0,12.5,False
2022-06-29,SKU-BRAVO,138.0,12.5,False
2022-06-30,SKU-BRAVO,149.0,12.5,False
2022-07-01,SKU-BRAVO,128.0,12.5,False
2022-07-02,SKU-BRAVO,129.0,12.5,False
2022-07-03,SKU-BRAVO,88.0,12.5,False
2022-07-04,SKU-BRAVO,130.0,12.5,False
2022-07-05,SKU-BRAVO,156.0,12.5,False
2022-07-06,SKU-BRAVO,126.0,12.5,False
2022-07-07,SKU-BRAVO,139.0,12.5,False
2022-07-08,SKU-BRAVO,136.0,12.5,False
2022-07-09,SKU-BRAVO,114.0,12.5,False
2022-07-10,SKU-BRAVO,134.0,12.5,False
2022-07-11,SKU-BRAVO,95.0,12.5,False
2022-07-12,SKU-BRAVO,109.0,12.5,False
2022-07-13,SKU-BRAVO,117.0,12.5,False
2022-07-14,SKU-BRAVO,131.0,12.5,False
2022-07-15,SKU-BRAVO,132.0,12.5,False
2022-07-16,SKU-BRAVO,137.0,12.5,False
2022-07-17,SKU-BRAVO,100.0,12.5,False
2022-07-18,SKU-BRAVO,93.0,12.5,False
2022-07-19,SKU-BRAVO,112.0,12.5,False
2022-07-20,SKU-BRAVO,100.0,12.5,False
2022-07-21,SKU-BRAVO,94.0,12.5,False
2022-07-22,SKU-BRAVO,101.0,12.5,False
2022-07-23,SKU-BRAVO,120.0,12.5,False
2022-07-24,SKU-BRAVO,81.0,12.5,False
2022-07-25,SKU-BRAVO,90.0,12.5,False
2022-07-26,SKU-BRAVO,84.0,12.5,False
2022-07-27,SKU-BRAVO,113.0,12.5,False
2022-07-28,SKU-BRAVO,120.0,12.5,False
2022-07-29,SKU-BRAVO,155.0,12.5,False
2022-07-30,SKU-BRAVO,100.0,12.5,False
2022-07-31,SKU-BRAVO,98.0,12.5,False
2022-08-01,SKU-BRAVO,123.0,12.5,False
2022-08-02,SKU-BRAVO,104.0,12.5,False
2022-08-03,SKU-BRAVO,103.0,12.5,False
2022-08-04,SKU-BRAVO,138.0,12.5,False
2022-08-05,SKU-BRAVO,113.0,12.5,False
2022-08-06,SKU-BRAVO,104.0,12.5,False
2022-08-07,SKU-BRAVO,147.0,10.62,True
2022-08-08,SKU-BRAVO,190.0,10.62,True
2022-08-09,SKU-BRAVO,185.0,10.62,True
2022-08-10,SKU-BRAVO,144.0,10.62,True
2022-08-11,SKU-BRAVO,159.0,10.62,True
2022-08-12,SKU-BRAVO,211.0,10.62,True
2022-08-13,SKU-BRAVO,222.0,10.62,True
2022-08-14,SKU-BRAVO,94.0,12.5,False
2022-08-15,SKU-BRAVO,113.0,12.5,False
2022-08-16,SKU-BRAVO,110.0,12.5,False
2022-08-17,SKU-BRAVO,77.0,12.5,False
2022-08-18,SKU-BRAVO,101.0,12.5,False
2022-08-19,SKU-BRAVO,119.0,12.5,False
2022-08-20,SKU-BRAVO,108.0,12.5,False
2022-08-21,SKU-BRAVO,70.0,12.5,False
2022-08-22,SKU-BRAVO,97.0,12.5,False
2022-08-23,SKU-BRAVO,110.0,12.5,False
2022-08-24,SKU-BRAVO,122.0,12.5,False
2022-08-25,SKU-BRAVO,71.0,12.5,False
2022-08-26,SKU-BRAVO,150.0,12.5,False
2022-08-27,SKU-BRAVO,96.0,12.5,False
2022-08-28,SKU-BRAVO,111.0,12.5,False
2022-08-29,SKU-BRAVO,115.0,12.5,False
2022-08-30,SKU-BRAVO,109.0,12.5,False
2022-08-31,SKU-BRAVO,99.0,12.5,False
2022-09-01,SKU-BRAVO,83.0,12.5,False
2022-09-02,SKU-BRAVO,115.0,12.5,False
2022-09-03,SKU-BRAVO,99.0,12.5,False
2022-09-04,SKU-BRAVO,61.0,12.5,False
2022-09-05,SKU-BRAVO,133.0,12.5,False
2022-09-06,SKU-BRAVO,102.0,12.5,False
2022-09-07,SKU-BRAVO,117.0,12.5,False
2022-09-08,SKU-BRAVO,84.0,12.5,False
2022-09-09,SKU-BRAVO,124.0,12.5,False
2022-09-10,SKU-BRAVO,131.0,12.5,False
2022-09-11,SKU-BRAVO,111.0,12.5,False
2022-09-12,SKU-BRAVO,92.0,12.5,False
2022-09-13,SKU-BRAVO,75.0,12.5,False
2022-09-14,SKU-BRAVO,88.0,12.5,False
2022-09-15,SKU-BRAVO,64.0,12.5,False
2022-09-16,SKU-BRAVO,75.0,12.5,False
2022-09-17,SKU-BRAVO,104.0,12.5,False
2022-09-18,SKU-BRAVO,76.0,12.5,False
2022-09-19,SKU-BRAVO,87.0,12.5,False
2022-09-20,SKU-BRAVO,85.0,12.5,False
2022-09-21,SKU-BRAVO,111.0,12.5,False
2022-09-22,SKU-BRAVO,106.0,12.5,False
2022-09-23,SKU-BRAVO,95.0,12.5,False
2022-09-24,SKU-BRAVO,197.0,10.62,True
2022-09-25,SKU-BRAVO,128.0,10.62,True
2022-09-26,SKU-BRAVO,138.0,10.62,True
2022-09-27,SKU-BRAVO,160.0,10.62,True
2022-09-28,SKU-BRAVO,118.0,10.62,True
2022-09-29,SKU-BRAVO,141.0,10.62,True
2022-09-30,SKU-BRAVO,75.0,12.5,False
2022-10-01,SKU-BRAVO,97.0,12.5,False
2022-10-02,SKU-BRAVO,100.0,12.5,False
2022-10-03,SKU-BRAVO,74.0,12.5,False
2022-10-04,SKU-BRAVO,83.0,12.5,False
2022-10-05,SKU-BRAVO,70.0,12.5,False
2022-10-06,SKU-BRAVO,70.0,12.5,False
2022-10-07,SKU-BRAVO,73.0,12.5,False
2022-10-08,SKU-BRAVO,111.0,12.5,False
2022-10-09,SKU-BRAVO,104.0,12.5,False
2022-10-10,SKU-BRAVO,84.0,12.5,False
2022-10-11,SKU-BRAVO,69.0,12.5,False
2022-10-12,SKU-BRAVO,85.0,12.5,False
2022-10-13,SKU-BRAVO,76.0,12.5,False
2022-10-14,SKU-BRAVO,95.0,12.5,False
2022-10-15,SKU-BRAVO,92.0,12.5,False
2022-10-16,SKU-BRAVO,78.0,12.5,False
2022-10-17,SKU-BRAVO,83.0,12.5,False
2022-10-18,SKU-BRAVO,68.0,12.5,False
2022-10-19,SKU-BRAVO,70.0,12.5,False
2022-10-20,SKU-BRAVO,58.0,12.5,False
2022-10-21,SKU-BRAVO,77.0,12.5,False
2022-10-22,SKU-BRAVO,116.0,10.62,True
2022-10-23,SKU-BRAVO,121.0,10.62,True
2022-10-24,SKU-BRAVO,108.0,10.62,True
2022-10-25,SKU-BRAVO,123.0,10.62,True
2022-10-26,SKU-BRAVO,76.0,12.5,False
2022-10-27,SKU-BRAVO,59.0,12.5,False
2022-10-28,SKU-BRAVO,70.0,12.5,False
2022-10-29,SKU-BRAVO,71.0,12.5,False
2022-10-30,SKU-BRAVO,77.0,12.5,False
2022-10-31,SKU-BRAVO,88.0,12.5,False
2022-11-01,SKU-BRAVO,77.0,12.5,False
2022-11-02,SKU-BRAVO,66.0,12.5,False
2022-11-03,SKU-BRAVO,86.0,12.5,False
2022-11-04,SKU-BRAVO,60.0,12.5,False
2022-11-05,SKU-BRAVO,96.0,12.5,False
2022-11-06,SKU-BRAVO,62.0,12.5,False
2022-11-07,SKU-BRAVO,42.0,12.5,False
2022-11-08,SKU-BRAVO,92.0,12.5,False
2022-11-09,SKU-BRAVO,82.0,12.5,False
2022-11-10,SKU-BRAVO,59.0,12.5,False
2022-11-11,SKU-BRAVO,75.0,12.5,False
2022-11-12,SKU-BRAVO,74.0,12.5,False
2022-11-13,SKU-BRAVO,67.0,12.5,False
2022-11-14,SKU-BRAVO,53.0,12.5,False
2022-11-15,SKU-BRAVO,59.0,12.5,False
2022-11-16,SKU-BRAVO,69.0,12.5,False
2022-11-17,SKU-BRAVO,69.0,12.5,False
2022-11-18,SKU-BRAVO,84.0,12.5,False
2022-11-19,SKU-BRAVO,76.0,12.5,False
2022-11-20,SKU-BRAVO,85.0,12.5,False
2022-11-21,SKU-BRAVO,58.0,12.5,False
2022-11-22,SKU-BRAVO,65.0,12.5,False
2022-11-23,SKU-BRAVO,46.0,12.5,False
2022-11-24,SKU-BRAVO,54.0,12.5,False
2022-11-25,SKU-BRAVO,83.0,12.5,False
2022-11-26,SKU-BRAVO,63.0,12.5,False
2022-11-27,SKU-BRAVO,67.0,12.5,False
2022-11-28,SKU-BRAVO,63.0,12.5,False
2022-11-29,SKU-BRAVO,53.0,12.5,False
2022-11-30,SKU-BRAVO,59.0,12.5,False
2022-12-01,SKU-BRAVO,102.0,10.62,True
2022-12-02,SKU-BRAVO,109.0,10.62,True
2022-12-03,SKU-BRAVO,135.0,10.62,True
2022-12-04,SKU-BRAVO,114.0,10.62,True
2022-12-05,SKU-BRAVO,97.0,10.62,True
2022-12-06,SKU-BRAVO,53.0,12.5,False
2022-12-07,SKU-BRAVO,64.0,12.5,False
2022-12-08,SKU-BRAVO,63.0,12.5,False
2022-12-09,SKU-BRAVO,77.0,12.5,False
2022-12-10,SKU-BRAVO,97.0,12.5,False
2022-12-11,SKU-BRAVO,68.0,12.5,False
2022-12-12,SKU-BRAVO,61.0,12.5,False
2022-12-13,SKU-BRAVO,59.0,12.5,False
2022-12-14,SKU-BRAVO,53.0,12.5,False
2022-12-15,SKU-BRAVO,74.0,12.5,False
2022-12-16,SKU-BRAVO,78.0,12.5,False
2022-12-17,SKU-BRAVO,90.0,12.5,False
2022-12-18,SKU-BRAVO,77.0,12.5,False
2022-12-19,SKU-BRAVO,91.0,12.5,False
2022-12-20,SKU-BRAVO,76.0,12.5,False
2022-12-21,SKU-BRAVO,79.0,12.5,False
2022-12-22,SKU-BRAVO,70.0,12.5,False
2022-12-23,SKU-BRAVO,111.0,12.5,False
2022-12-24,SKU-BRAVO,102.0,12.5,False
2022-12-25,SKU-BRAVO,102.0,12.5,False
2022-12-26,SKU-BRAVO,92.0,12.5,False
2022-12-27,SKU-BRAVO,98.0,12.5,False
2022-12-28,SKU-BRAVO,79.0,12.5,False
2022-12-29,SKU-BRAVO,94.0,12.5,False
2022-12-30,SKU-BRAVO,126.0,12.5,False
2022-12-31,SKU-BRAVO,79.0,12.5,False
2023-01-01,SKU-BRAVO,71.0,12.5,False
2023-01-02,SKU-BRAVO,76.0,12.5,False
2023-01-03,SKU-BRAVO,64.0,12.5,False
2023-01-04,SKU-BRAVO,68.0,12.5,False
2023-01-05,SKU-BRAVO,75.0,12.5,False
2023-01-06,SKU-BRAVO,62.0,12.5,False
2023-01-07,SKU-BRAVO,76.0,12.5,False
2023-01-08,SKU-BRAVO,54.0,12.5,False
2023-01-09,SKU-BRAVO,96.0,10.62,True
2023-01-10,SKU-BRAVO,95.0,10.62,True
2023-01-11,SKU-BRAVO,104.0,10.62,True
2023-01-12,SKU-BRAVO,112.0,10.62,True
2023-01-13,SKU-BRAVO,126.0,10.62,True
2023-01-14,SKU-BRAVO,99.0,10.62,True
2023-01-15,SKU-BRAVO,80.0,12.5,False
2023-01-16,SKU-BRAVO,74.0,12.5,False
2023-01-17,SKU-BRAVO,69.0,12.5,False
2023-01-18,SKU-BRAVO,60.0,12.5,False
2023-01-19,SKU-BRAVO,65.0,12.5,False
2023-01-20,SKU-BRAVO,76.0,12.5,False
2023-01-21,SKU-BRAVO,79.0,12.5,False
2023-01-22,SKU-BRAVO,49.0,12.5,False
2023-01-23,SKU-BRAVO,72.0,12.5,False
2023-01-24,SKU-BRAVO,91.0,12.5,False
2023-01-25,SKU-BRAVO,48.0,12.5,False
2023-01-26,SKU-BRAVO,77.0,12.5,False
2023-01-27,SKU-BRAVO,77.0,12.5,False
2023-01-28,SKU-BRAVO,75.0,12.5,False
2023-01-29,SKU-BRAVO,79.0,12.5,False
2023-01-30,SKU-BRAVO,56.0,12.5,False
2023-01-31,SKU-BRAVO,68.0,12.5,False
2023-02-01,SKU-BRAVO,81.0,12.5,False
2023-02-02,SKU-BRAVO,68.0,12.5,False
2023-02-03,SKU-BRAVO,70.0,12.5,False
2023-02-04,SKU-BRAVO,80.0,12.5,False
2023-02-05,SKU-BRAVO,64.0,12.5,False
2023-02-06,SKU-BRAVO,85.0,12.5,False
2023-02-07,SKU-BRAVO,59.0,12.5,False
2023-02-08,SKU-BRAVO,78.0,12.5,False
2023-02-09,SKU-BRAVO,59.0,12.5,False
2023-02-10,SKU-BRAVO,85.0,12.5,False
2023-02-11,SKU-BRAVO,80.0,12.5,False
2023-02-12,SKU-BRAVO,44.0,12.5,False
2023-02-13,SKU-BRAVO,71.0,12.5,False
2023-02-14,SKU-BRAVO,60.0,12.5,False
2023-02-15,SKU-BRAVO,67.0,12.5,False
2023-02-16,SKU-BRAVO,91.0,12.5,False
2023-02-17,SKU-BRAVO,67.0,12.5,False
2023-02-18,SKU-BRAVO,71.0,12.5,False
2023-02-19,SKU-BRAVO,88.0,12.5,False
2023-02-20,SKU-BRAVO,75.0,12.5,False
2023-02-21,SKU-BRAVO,89.0,12.5,False
2023-02-22,SKU-BRAVO,78.0,12.5,False
2023-02-23,SKU-BRAVO,67.0,12.5,False
2023-02-24,SKU-BRAVO,82.0,12.5,False
2023-02-25,SKU-BRAVO,175.0,10.62,True
2023-02-26,SKU-BRAVO,146.0,10.62,True
2023-02-27,SKU-BRAVO,131.0,10.62,True
2023-02-28,SKU-BRAVO,130.0,10.62,True
2023-03-01,SKU-BRAVO,129.0,10.62,True
2023-03-02,SKU-BRAVO,73.0,12.5,False
2023-03-03,SKU-BRAVO,110.0,12.5,False
2023-03-04,SKU-BRAVO,91.0,12.5,False
2023-03-05,SKU-BRAVO,65.0,12.5,False
2023-03-06,SKU-BRAVO,74.0,12.5,False
2023-03-07,SKU-BRAVO,87.0,12.5,False
2023-03-08,SKU-BRAVO,87.0,12.5,False
2023-03-09,SKU-BRAVO,82.0,12.5,False
2023-03-10,SKU-BRAVO,81.0,12.5,False
2023-03-11,SKU-BRAVO,94.0,12.5,False
2023-03-12,SKU-BRAVO,62.0,12.5,False
2023-03-13,SKU-BRAVO,67.0,12.5,False
2023-03-14,SKU-BRAVO,91.0,12.5,False
2023-03-15,SKU-BRAVO,77.0,12.5,False
2023-03-16,SKU-BRAVO,91.0,12.5,False
2023-03-17,SKU-BRAVO,109.0,12.5,False
2023-03-18,SKU-BRAVO,107.0,12.5,False
2023-03-19,SKU-BRAVO,84.0,12.5,False
2023-03-20,SKU-BRAVO,112.0,12.5,False
2023-03-21,SKU-BRAVO,93.0,12.5,False
2023-03-22,SKU-BRAVO,81.0,12.5,False
2023-03-23,SKU-BRAVO,99.0,12.5,False
2023-03-24,SKU-BRAVO,102.0,12.5,False
2023-03-25,SKU-BRAVO,89.0,12.5,False
2023-03-26,SKU-BRAVO,88.0,12.5,False
2023-03-27,SKU-BRAVO,87.0,12.5,False
2023-03-28,SKU-BRAVO,63.0,12.5,False
2023-03-29,SKU-BRAVO,87.0,12.5,False
2023-03-30,SKU-BRAVO,89.0,12.5,False
2023-03-31,SKU-BRAVO,93.0,12.5,False
2023-04-01,SKU-BRAVO,80.0,12.5,False
2023-04-02,SKU-BRAVO,85.0,12.5,False
2023-04-03,SKU-BRAVO,91.0,12.5,False
2023-04-04,SKU-BRAVO,92.0,12.5,False
2023-04-05,SKU-BRAVO,77.0,12.5,False
2023-04-06,SKU-BRAVO,104.0,12.5,False
2023-04-07,SKU-BRAVO,85.0,12.5,False
2023-04-08,SKU-BRAVO,104.0,12.5,False
2023-04-09,SKU-BRAVO,110.0,12.5,False
2023-04-10,SKU-BRAVO,85.0,12.5,False
2023-04-11,SKU-BRAVO,86.0,12.5,False
2023-04-12,SKU-BRAVO,186.0,10.62,True
2023-04-13,SKU-BRAVO,158.0,10.62,True
2023-04-14,SKU-BRAVO,172.0,10.62,True
2023-04-15,SKU-BRAVO,114.0,12.5,False
2023-04-16,SKU-BRAVO,110.0,12.5,False
2023-04-17,SKU-BRAVO,66.0,12.5,False
2023-04-18,SKU-BRAVO,84.0,12.5,False
2023-04-19,SKU-BRAVO,83.0,12.5,False
2023-04-20,SKU-BRAVO,85.0,12.5,False
2023-04-21,SKU-BRAVO,95.0,12.5,False
2023-04-22,SKU-BRAVO,100.0,12.5,False
2023-04-23,SKU-BRAVO,102.0,12.5,False
2023-04-24,SKU-BRAVO,87.0,12.5,False
2023-04-25,SKU-BRAVO,100.0,12.5,False
2023-04-26,SKU-BRAVO,105.0,12.5,False
2023-04-27,SKU-BRAVO,93.0,12.5,False
2023-04-28,SKU-BRAVO,113.0,12.5,False
2023-04-29,SKU-BRAVO,144.0,12.5,False
2023-04-30,SKU-BRAVO,105.0,12.5,False
2023-05-01,SKU-BRAVO,93.0,12.5,False
2023-05-02,SKU-BRAVO,100.0,12.5,False
2023-05-03,SKU-BRAVO,89.0,12.5,False
2023-05-04,SKU-BRAVO,110.0,12.5,False
2023-05-05,SKU-BRAVO,128.0,12.5,False
2023-05-06,SKU-BRAVO,105.0,12.5,False
2023-05-07,SKU-BRAVO,100.0,12.5,False
2023-05-08,SKU-BRAVO,121.0,12.5,False
2023-05-09,SKU-BRAVO,95.0,12.5,False
2023-05-10,SKU-BRAVO,107.0,12.5,False
2023-05-11,SKU-BRAVO,92.0,12.5,False
2023-05-12,SKU-BRAVO,102.0,12.5,False
2023-05-13,SKU-BRAVO,113.0,12.5,False
2023-05-14,SKU-BRAVO,136.0,12.5,False
2023-05-15,SKU-BRAVO,100.0,12.5,False
2023-05-16,SKU-BRAVO,97.0,12.5,False
2023-05-17,SKU-BRAVO,97.0,12.5,False
2023-05-18,SKU-BRAVO,107.0,12.5,False
2023-05-19,SKU-BRAVO,129.0,12.5,False
2023-05-20,SKU-BRAVO,127.0,12.5,False
2023-05-21,SKU-BRAVO,137.0,12.5,False
2023-05-22,SKU-BRAVO,111.0,12.5,False
2023-05-23,SKU-BRAVO,127.0,12.5,False
2023-05-24,SKU-BRAVO,111.0,12.5,False
2023-05-25,SKU-BRAVO,121.0,12.5,False
2023-05-26,SKU-BRAVO,95.0,12.5,False
2023-05-27,SKU-BRAVO,123.0,12.5,False
2023-05-28,SKU-BRAVO,106.0,12.5,False
2023-05-29,SKU-BRAVO,105.0,12.5,False
2023-05-30,SKU-BRAVO,75.0,12.5,False
2023-05-31,SKU-BRAVO,122.0,12.5,False
2023-06-01,SKU-BRAVO,106.0,12.5,False
2023-06-02,SKU-BRAVO,113.0,12.5,False
2023-06-03,SKU-BRAVO,121.0,12.5,False
2023-06-04,SKU-BRAVO,105.0,12.5,False
2023-06-05,SKU-BRAVO,116.0,12.5,False
2023-06-06,SKU-BRAVO,89.0,12.5,False
2023-06-07,SKU-BRAVO,95.0,12.5,False
2023-06-08,SKU-BRAVO,200.0,10.62,True
2023-06-09,SKU-BRAVO,210.0,10.62,True
2023-06-10,SKU-BRAVO,204.0,10.62,True
2023-06-11,SKU-BRAVO,170.0,10.62,True
2023-06-12,SKU-BRAVO,166.0,10.62,True
2023-06-13,SKU-BRAVO,183.0,10.62,True
2023-06-14,SKU-BRAVO,128.0,12.5,False
2023-06-15,SKU-BRAVO,97.0,12.5,False
2023-06-16,SKU-BRAVO,147.0,12.5,False
2023-06-17,SKU-BRAVO,142.0,12.5,False
2023-06-18,SKU-BRAVO,102.0,12.5,False
2023-06-19,SKU-BRAVO,123.0,12.5,False
2023-06-20,SKU-BRAVO,86.0,12.5,False
2023-06-21,SKU-BRAVO,83.0,12.5,False
2023-06-22,SKU-BRAVO,93.0,12.5,False
2023-06-23,SKU-BRAVO,114.0,12.5,False
2023-06-24,SKU-BRAVO,121.0,12.5,False
2023-06-25,SKU-BRAVO,101.0,12.5,False
2023-06-26,SKU-BRAVO,112.0,12.5,False
2023-06-27,SKU-BRAVO,76.0,12.5,False
2023-06-28,SKU-BRAVO,117.0,12.5,False
2023-06-29,SKU-BRAVO,91.0,12.5,False
2023-06-30,SKU-BRAVO,110.0,12.5,False
2023-07-01,SKU-BRAVO,119.0,12.5,False
2023-07-02,SKU-BRAVO,91.0,12.5,False
2023-07-03,SKU-BRAVO,89.0,12.5,False
2023-07-04,SKU-BRAVO,92.0,12.5,False
2023-07-05,SKU-BRAVO,108.0,12.5,False
2023-07-06,SKU-BRAVO,122.0,12.5,False
2023-07-07,SKU-BRAVO,129.0,12.5,False
2023-07-08,SKU-BRAVO,108.0,12.5,False
2023-07-09,SKU-BRAVO,95.0,12.5,False
2023-07-10,SKU-BRAVO,95.0,12.5,False
2023-07-11,SKU-BRAVO,113.0,12.5,False
2023-07-12,SKU-BRAVO,77.0,12.5,False
2023-07-13,SKU-BRAVO,130.0,12.5,False
2023-07-14,SKU-BRAVO,111.0,12.5,False
2023-07-15,SKU-BRAVO,110.0,12.5,False
2023-07-16,SKU-BRAVO,189.0,10.62,True
2023-07-17,SKU-BRAVO,209.0,10.62,True
2023-07-18,SKU-BRAVO,188.0,10.62,True
2023-07-19,SKU-BRAVO,207.0,10.62,True
2023-07-20,SKU-BRAVO,190.0,10.62,True
2023-07-21,SKU-BRAVO,137.0,12.5,False
2023-07-22,SKU-BRAVO,143.0,12.5,False
2023-07-23,SKU-BRAVO,103.0,12.5,False
2023-07-24,SKU-BRAVO,127.0,12.5,False
2023-07-25,SKU-BRAVO,106.0,12.5,False
2023-07-26,SKU-BRAVO,106.0,12.5,False
2023-07-27,SKU-BRAVO,94.0,12.5,False
2023-07-28,SKU-BRAVO,110.0,12.5,False
2023-07-29,SKU-BRAVO,133.0,12.5,False
2023-07-30,SKU-BRAVO,84.0,12.5,False
2023-07-31,SKU-BRAVO,113.0,12.5,False
2023-08-01,SKU-BRAVO,107.0,12.5,False
2023-08-02,SKU-BRAVO,106.0,12.5,False
2023-08-03,SKU-BRAVO,73.0,12.5,False
2023-08-04,SKU-BRAVO,111.0,12.5,False
2023-08-05,SKU-BRAVO,128.0,12.5,False
2023-08-06,SKU-BRAVO,90.0,12.5,False
2023-08-07,SKU-BRAVO,103.0,12.5,False
2023-08-08,SKU-BRAVO,66.0,12.5,False
2023-08-09,SKU-BRAVO,109.0,12.5,False
2023-08-10,SKU-BRAVO,94.0,12.5,False
2023-08-11,SKU-BRAVO,124.0,12.5,False
2023-08-12,SKU-BRAVO,85.0,12.5,False
2023-08-13,SKU-BRAVO,108.0,12.5,False
2023-08-14,SKU-BRAVO,96.0,12.5,False
2023-08-15,SKU-BRAVO,108.0,12.5,False
2023-08-16,SKU-BRAVO,85.0,12.5,False
2023-08-17,SKU-BRAVO,92.0,12.5,False
2023-08-18,SKU-BRAVO,141.0,12.5,False
2023-08-19,SKU-BRAVO,99.0,12.5,False
2023-08-20,SKU-BRAVO,86.0,12.5,False
2023-08-21,SKU-BRAVO,93.0,12.5,False
2023-08-22,SKU-BRAVO,81.0,12.5,False
2023-08-23,SKU-BRAVO,111.0,12.5,False
2023-08-24,SKU-BRAVO,122.0,12.5,False
2023-08-25,SKU-BRAVO,160.0,10.62,True
2023-08-26,SKU-BRAVO,140.0,10.62,True
2023-08-27,SKU-BRAVO,184.0,10.62,True
2023-08-28,SKU-BRAVO,184.0,10.62,True
2023-08-29,SKU-BRAVO,102.0,12.5,False
2023-08-30,SKU-BRAVO,107.0,12.5,False
2023-08-31,SKU-BRAVO,83.0,12.5,False
2023-09-01,SKU-BRAVO,99.0,12.5,False
2023-09-02,SKU-BRAVO,85.0,12.5,False
2023-09-03,SKU-BRAVO,72.0,12.5,False
2023-09-04,SKU-BRAVO,103.0,12.5,False
2023-09-05,SKU-BRAVO,80.0,12.5,False
2023-09-06,SKU-BRAVO,117.0,12.5,False
2023-09-07,SKU-BRAVO,93.0,12.5,False
2023-09-08,SKU-BRAVO,89.0,12.5,False
2023-09-09,SKU-BRAVO,113.0,12.5,False
2023-09-10,SKU-BRAVO,109.0,12.5,False
2023-09-11,SKU-BRAVO,94.0,12.5,False
2023-09-12,SKU-BRAVO,71.0,12.5,False
2023-09-13,SKU-BRAVO,90.0,12.5,False
2023-09-14,SKU-BRAVO,106.0,12.5,False
2023-09-15,SKU-BRAVO,88.0,12.5,False
2023-09-16,SKU-BRAVO,88.0,12.5,False
2023-09-17,SKU-BRAVO,96.0,12.5,False
2023-09-18,SKU-BRAVO,86.0,12.5,False
2023-09-19,SKU-BRAVO,70.0,12.5,False
2023-09-20,SKU-BRAVO,79.0,12.5,False
2023-09-21,SKU-BRAVO,76.0,12.5,False
2023-09-22,SKU-BRAVO,95.0,12.5,False
2023-09-23,SKU-BRAVO,96.0,12.5,False
2023-09-24,SKU-BRAVO,94.0,12.5,False
2023-09-25,SKU-BRAVO,90.0,12.5,False
2023-09-26,SKU-BRAVO,62.0,12.5,False
2023-09-27,SKU-BRAVO,84.0,12.5,False
2023-09-28,SKU-BRAVO,93.0,12.5,False
2023-09-29,SKU-BRAVO,93.0,12.5,False
2023-09-30,SKU-BRAVO,104.0,12.5,False
2023-10-01,SKU-BRAVO,72.0,12.5,False
2023-10-02,SKU-BRAVO,68.0,12.5,False
2023-10-03,SKU-BRAVO,86.0,12.5,False
2023-10-04,SKU-BRAVO,65.0,12.5,False
2023-10-05,SKU-BRAVO,55.0,12.5,False
2023-10-06,SKU-BRAVO,96.0,12.5,False
2023-10-07,SKU-BRAVO,79.0,12.5,False
2023-10-08,SKU-BRAVO,72.0,12.5,False
2023-10-09,SKU-BRAVO,61.0,12.5,False
2023-10-10,SKU-BRAVO,102.0,10.62,True
2023-10-11,SKU-BRAVO,105.0,10.62,True
2023-10-12,SKU-BRAVO,123.0,10.62,True
2023-10-13,SKU-BRAVO,145.0,10.62,True
2023-10-14,SKU-BRAVO,97.0,10.62,True
2023-10-15,SKU-BRAVO,135.0,10.62,True
2023-10-16,SKU-BRAVO,103.0,10.62,True
2023-10-17,SKU-BRAVO,102.0,10.62,True
2023-10-18,SKU-BRAVO,78.0,12.5,False
2023-10-19,SKU-BRAVO,73.0,12.5,False
2023-10-20,SKU-BRAVO,61.0,12.5,False
2023-10-21,SKU-BRAVO,102.0,12.5,False
2023-10-22,SKU-BRAVO,61.0,12.5,False
2023-10-23,SKU-BRAVO,72.0,12.5,False
2023-10-24,SKU-BRAVO,70.0,12.5,False
2023-10-25,SKU-BRAVO,82.0,12.5,False
2023-10-26,SKU-BRAVO,66.0,12.5,False
2023-10-27,SKU-BRAVO,86.0,12.5,False
2023-10-28,SKU-BRAVO,70.0,12.5,False
2023-10-29,SKU-BRAVO,77.0,12.5,False
2023-10-30,SKU-BRAVO,60.0,12.5,False
2023-10-31,SKU-BRAVO,62.0,12.5,False
2023-11-01,SKU-BRAVO,84.0,12.5,False
2023-11-02,SKU-BRAVO,71.0,12.5,False
2023-11-03,SKU-BRAVO,74.0,12.5,False
2023-11-04,SKU-BRAVO,99.0,12.5,False
2023-11-05,SKU-BRAVO,68.0,12.5,False
2023-11-06,SKU-BRAVO,58.0,12.5,False
2023-11-07,SKU-BRAVO,70.0,12.5,False
2023-11-08,SKU-BRAVO,53.0,12.5,False
2023-11-09,SKU-BRAVO,76.0,12.5,False
2023-11-10,SKU-BRAVO,82.0,12.5,False
2023-11-11,SKU-BRAVO,67.0,12.5,False
2023-11-12,SKU-BRAVO,57.0,12.5,False
2023-11-13,SKU-BRAVO,65.0,12.5,False
2023-11-14,SKU-BRAVO,62.0,12.5,False
2023-11-15,SKU-BRAVO,54.0,12.5,False
2023-11-16,SKU-BRAVO,69.0,12.5,False
2023-11-17,SKU-BRAVO,49.0,12.5,False
2023-11-18,SKU-BRAVO,67.0,12.5,False
2023-11-19,SKU-BRAVO,57.0,12.5,False
2023-11-20,SKU-BRAVO,59.0,12.5,False
2023-11-21,SKU-BRAVO,63.0,12.5,False
2023-11-22,SKU-BRAVO,50.0,12.5,False
2023-11-23,SKU-BRAVO,68.0,12.5,False
2023-11-24,SKU-BRAVO,65.0,12.5,False
2023-11-25,SKU-BRAVO,63.0,12.5,False
2023-11-26,SKU-BRAVO,48.0,12.5,False
2023-11-27,SKU-BRAVO,50.0,12.5,False
2023-11-28,SKU-BRAVO,62.0,12.5,False
2023-11-29,SKU-BRAVO,51.0,12.5,False
2023-11-30,SKU-BRAVO,62.0,12.5,False
2023-12-01,SKU-BRAVO,75.0,12.5,False
2023-12-02,SKU-BRAVO,78.0,12.5,False
2023-12-03,SKU-BRAVO,71.0,12.5,False
2023-12-04,SKU-BRAVO,57.0,12.5,False
2023-12-05,SKU-BRAVO,49.0,12.5,False
2023-12-06,SKU-BRAVO,67.0,12.5,False
2023-12-07,SKU-BRAVO,63.0,12.5,False
2023-12-08,SKU-BRAVO,74.0,12.5,False
2023-12-09,SKU-BRAVO,114.0,10.62,True
2023-12-10,SKU-BRAVO,114.0,10.62,True
2023-12-11,SKU-BRAVO,111.0,10.62,True
2023-12-12,SKU-BRAVO,107.0,10.62,True
2023-12-13,SKU-BRAVO,62.0,12.5,False
2023-12-14,SKU-BRAVO,63.0,12.5,False
2023-12-15,SKU-BRAVO,89.0,12.5,False
2023-12-16,SKU-BRAVO,93.0,12.5,False
2023-12-17,SKU-BRAVO,88.0,12.5,False
2023-12-18,SKU-BRAVO,73.0,12.5,False
2023-12-19,SKU-BRAVO,95.0,12.5,False
2023-12-20,SKU-BRAVO,76.0,12.5,False
2023-12-21,SKU-BRAVO,91.0,12.5,False
2023-12-22,SKU-BRAVO,85.0,12.5,False
2023-12-23,SKU-BRAVO,87.0,12.5,False
2023-12-24,SKU-BRAVO,99.0,12.5,False
2023-12-25,SKU-BRAVO,75.0,12.5,False
2023-12-26,SKU-BRAVO,63.0,12.5,False
2023-12-27,SKU-BRAVO,70.0,12.5,False
2023-12-28,SKU-BRAVO,77.0,12.5,False
2023-12-29,SKU-BRAVO,112.0,12.5,False
2023-12-30,SKU-BRAVO,93.0,12.5,False
2023-12-31,SKU-BRAVO,88.0,12.5,False
2024-01-01,SKU-BRAVO,50.0,12.5,False
2024-01-02,SKU-BRAVO,60.0,12.5,False
2024-01-03,SKU-BRAVO,63.0,12.5,False
2024-01-04,SKU-BRAVO,75.0,12.5,False
2024-01-05,SKU-BRAVO,58.0,12.5,False
2024-01-06,SKU-BRAVO,73.0,12.5,False
2024-01-07,SKU-BRAVO,61.0,12.5,False
2024-01-08,SKU-BRAVO,51.0,12.5,False
2024-01-09,SKU-BRAVO,58.0,12.5,False
2024-01-10,SKU-BRAVO,57.0,12.5,False
2024-01-11,SKU-BRAVO,41.0,12.5,False
2024-01-12,SKU-BRAVO,71.0,12.5,False
2024-01-13,SKU-BRAVO,74.0,12.5,False
2024-01-14,SKU-BRAVO,56.0,12.5,False
2024-01-15,SKU-BRAVO,49.0,12.5,False
2024-01-16,SKU-BRAVO,71.0,12.5,False
2024-01-17,SKU-BRAVO,62.0,12.5,False
2024-01-18,SKU-BRAVO,71.0,12.5,False
2024-01-19,SKU-BRAVO,80.0,12.5,False
2024-01-20,SKU-BRAVO,65.0,12.5,False
2024-01-21,SKU-BRAVO,67.0,12.5,False
2024-01-22,SKU-BRAVO,59.0,12.5,False
2024-01-23,SKU-BRAVO,60.0,12.5,False
2024-01-24,SKU-BRAVO,61.0,12.5,False
2024-01-25,SKU-BRAVO,64.0,12.5,False
2024-01-26,SKU-BRAVO,79.0,12.5,False
2024-01-27,SKU-BRAVO,125.0,10.62,True
2024-01-28,SKU-BRAVO,103.0,10.62,True
2024-01-29,SKU-BRAVO,103.0,10.62,True
2024-01-30,SKU-BRAVO,111.0,10.62,True
2024-01-31,SKU-BRAVO,94.0,10.62,True
2024-02-01,SKU-BRAVO,104.0,10.62,True
2024-02-02,SKU-BRAVO,119.0,10.62,True
2024-02-03,SKU-BRAVO,68.0,12.5,False
2024-02-04,SKU-BRAVO,63.0,12.5,False
2024-02-05,SKU-BRAVO,60.0,12.5,False
2024-02-06,SKU-BRAVO,82.0,12.5,False
2024-02-07,SKU-BRAVO,77.0,12.5,False
2024-02-08,SKU-BRAVO,72.0,12.5,False
2024-02-09,SKU-BRAVO,72.0,12.5,False
2024-02-10,SKU-BRAVO,100.0,12.5,False
2024-02-11,SKU-BRAVO,69.0,12.5,False
2024-02-12,SKU-BRAVO,67.0,12.5,False
2024-02-13,SKU-BRAVO,69.0,12.5,False
2024-02-14,SKU-BRAVO,70.0,12.5,False
2024-02-15,SKU-BRAVO,84.0,12.5,False
2024-02-16,SKU-BRAVO,75.0,12.5,False
2024-02-17,SKU-BRAVO,103.0,12.5,False
2024-02-18,SKU-BRAVO,60.0,12.5,False
2024-02-19,SKU-BRAVO,77.0,12.5,False
2024-02-20,SKU-BRAVO,59.0,12.5,False
2024-02-21,SKU-BRAVO,88.0,12.5,False
2024-02-22,SKU-BRAVO,69.0,12.5,False
2024-02-23,SKU-BRAVO,78.0,12.5,False
2024-02-24,SKU-BRAVO,93.0,12.5,False
2024-02-25,SKU-BRAVO,84.0,12.5,False
2024-02-26,SKU-BRAVO,61.0,12.5,False
2024-02-27,SKU-BRAVO,68.0,12.5,False
2024-02-28,SKU-BRAVO,58.0,12.5,False
2024-02-29,SKU-BRAVO,77.0,12.5,False
2024-03-01,SKU-BRAVO,80.0,12.5,False
2024-03-02,SKU-BRAVO,81.0,12.5,False
2024-03-03,SKU-BRAVO,67.0,12.5,False
2024-03-04,SKU-BRAVO,71.0,12.5,False
2024-03-05,SKU-BRAVO,66.0,12.5,False
2024-03-06,SKU-BRAVO,81.0,12.5,False
2024-03-07,SKU-BRAVO,95.0,12.5,False
2024-03-08,SKU-BRAVO,61.0,12.5,False
2024-03-09,SKU-BRAVO,87.0,12.5,False
2024-03-10,SKU-BRAVO,72.0,12.5,False
2024-03-11,SKU-BRAVO,142.0,10.62,True
2024-03-12,SKU-BRAVO,113.0,10.62,True
2024-03-13,SKU-BRAVO,130.0,10.62,True
2024-03-14,SKU-BRAVO,118.0,10.62,True
2024-03-15,SKU-BRAVO,163.0,10.62,True
2024-03-16,SKU-BRAVO,158.0,10.62,True
2024-03-17,SKU-BRAVO,132.0,10.62,True
2024-03-18,SKU-BRAVO,85.0,12.5,False
2024-03-19,SKU-BRAVO,77.0,12.5,False
2024-03-20,SKU-BRAVO,63.0,12.5,False
2024-03-21,SKU-BRAVO,91.0,12.5,False
2024-03-22,SKU-BRAVO,94.0,12.5,False
2024-03-23,SKU-BRAVO,93.0,12.5,False
2024-03-24,SKU-BRAVO,93.0,12.5,False
2024-03-25,SKU-BRAVO,98.0,12.5,False
2024-03-26,SKU-BRAVO,70.0,12.5,False
2024-03-27,SKU-BRAVO,74.0,12.5,False
2024-03-28,SKU-BRAVO,106.0,12.5,False
2024-03-29,SKU-BRAVO,112.0,12.5,False
2024-03-30,SKU-BRAVO,88.0,12.5,False
2024-03-31,SKU-BRAVO,71.0,12.5,False
2024-04-01,SKU-BRAVO,79.0,12.5,False
2024-04-02,SKU-BRAVO,79.0,12.5,False
2024-04-03,SKU-BRAVO,67.0,12.5,False
2024-04-04,SKU-BRAVO,90.0,12.5,False
2024-04-05,SKU-BRAVO,79.0,12.5,False
2024-04-06,SKU-BRAVO,84.0,12.5,False
2024-04-07,SKU-BRAVO,99.0,12.5,False
2024-04-08,SKU-BRAVO,81.0,12.5,False
2024-04-09,SKU-BRAVO,87.0,12.5,False
2024-04-10,SKU-BRAVO,97.0,12.5,False
2024-04-11,SKU-BRAVO,103.0,12.5,False
2024-04-12,SKU-BRAVO,95.0,12.5,False
2024-04-13,SKU-BRAVO,105.0,12.5,False
2024-04-14,SKU-BRAVO,80.0,12.5,False
2024-04-15,SKU-BRAVO,114.0,12.5,False
2024-04-16,SKU-BRAVO,99.0,12.5,False
2024-04-17,SKU-BRAVO,78.0,12.5,False
2024-04-18,SKU-BRAVO,95.0,12.5,False
2024-04-19,SKU-BRAVO,113.0,12.5,False
2024-04-20,SKU-BRAVO,115.0,12.5,False
2024-04-21,SKU-BRAVO,116.0,12.5,False
2024-04-22,SKU-BRAVO,112.0,12.5,False
2024-04-23,SKU-BRAVO,86.0,12.5,False
2024-04-24,SKU-BRAVO,93.0,12.5,False
2024-04-25,SKU-BRAVO,80.0,12.5,False
2024-04-26,SKU-BRAVO,109.0,12.5,False
2024-04-27,SKU-BRAVO,112.0,12.5,False
2024-04-28,SKU-BRAVO,131.0,12.5,False
2024-04-29,SKU-BRAVO,98.0,12.5,False
2024-04-30,SKU-BRAVO,67.0,12.5,False
2024-05-01,SKU-BRAVO,87.0,12.5,False
2024-05-02,SKU-BRAVO,102.0,12.5,False
2024-05-03,SKU-BRAVO,88.0,12.5,False
2024-05-04,SKU-BRAVO,99.0,12.5,False
2024-05-05,SKU-BRAVO,92.0,12.5,False
2024-05-06,SKU-BRAVO,176.0,10.62,True
2024-05-07,SKU-BRAVO,161.0,10.62,True
2024-05-08,SKU-BRAVO,146.0,10.62,True
2024-05-09,SKU-BRAVO,113.0,12.5,False
2024-05-10,SKU-BRAVO,101.0,12.5,False
2024-05-11,SKU-BRAVO,107.0,12.5,False
2024-05-12,SKU-BRAVO,80.0,12.5,False
2024-05-13,SKU-BRAVO,89.0,12.5,False
2024-05-14,SKU-BRAVO,108.0,12.5,False
2024-05-15,SKU-BRAVO,77.0,12.5,False
2024-05-16,SKU-BRAVO,103.0,12.5,False
2024-05-17,SKU-BRAVO,122.0,12.5,False
2024-05-18,SKU-BRAVO,110.0,12.5,False
2024-05-19,SKU-BRAVO,104.0,12.5,False
2024-05-20,SKU-BRAVO,86.0,12.5,False
2024-05-21,SKU-BRAVO,118.0,12.5,False
2024-05-22,SKU-BRAVO,117.0,12.5,False
2024-05-23,SKU-BRAVO,109.0,12.5,False
2024-05-24,SKU-BRAVO,85.0,12.5,False
2024-05-25,SKU-BRAVO,101.0,12.5,False
2024-05-26,SKU-BRAVO,115.0,12.5,False
2024-05-27,SKU-BRAVO,128.0,12.5,False
2024-05-28,SKU-BRAVO,105.0,12.5,False
2024-05-29,SKU-BRAVO,120.0,12.5,False
2024-05-30,SKU-BRAVO,97.0,12.5,False
2024-05-31,SKU-BRAVO,111.0,12.5,False
2024-06-01,SKU-BRAVO,119.0,12.5,False
2024-06-02,SKU-BRAVO,108.0,12.5,False
2024-06-03,SKU-BRAVO,82.0,12.5,False
2024-06-04,SKU-BRAVO,115.0,12.5,False
2024-06-05,SKU-BRAVO,122.0,12.5,False
2024-06-06,SKU-BRAVO,90.0,12.5,False
2024-06-07,SKU-BRAVO,93.0,12.5,False
2024-06-08,SKU-BRAVO,126.0,12.5,False
2024-06-09,SKU-BRAVO,93.0,12.5,False
2024-06-10,SKU-BRAVO,70.0,12.5,False
2024-06-11,SKU-BRAVO,114.0,12.5,False
2024-06-12,SKU-BRAVO,106.0,12.5,False
2024-06-13,SKU-BRAVO,100.0,12.5,False
2024-06-14,SKU-BRAVO,149.0,12.5,False
2024-06-15,SKU-BRAVO,208.0,10.62,True
2024-06-16,SKU-BRAVO,157.0,10.62,True
2024-06-17,SKU-BRAVO,180.0,10.62,True
2024-06-18,SKU-BRAVO,88.0,12.5,False
2024-06-19,SKU-BRAVO,93.0,12.5,False
2024-06-20,SKU-BRAVO,113.0,12.5,False
2024-06-21,SKU-BRAVO,106.0,12.5,False
2024-06-22,SKU-BRAVO,112.0,12.5,False
2024-06-23,SKU-BRAVO,127.0,12.5,False
2024-06-24,SKU-BRAVO,117.0,12.5,False
2024-06-25,SKU-BRAVO,114.0,12.5,False
2024-06-26,SKU-BRAVO,111.0,12.5,False
2024-06-27,SKU-BRAVO,114.0,12.5,False
2024-06-28,SKU-BRAVO,138.0,12.5,False
2024-06-29,SKU-BRAVO,119.0,12.5,False
2024-06-30,SKU-BRAVO,129.0,12.5,False
2024-07-01,SKU-BRAVO,90.0,12.5,False
2024-07-02,SKU-BRAVO,98.0,12.5,False
2024-07-03,SKU-BRAVO,83.0,12.5,False
2024-07-04,SKU-BRAVO,101.0,12.5,False
2024-07-05,SKU-BRAVO,122.0,12.5,False
2024-07-06,SKU-BRAVO,143.0,12.5,False
2024-07-07,SKU-BRAVO,92.0,12.5,False
2024-07-08,SKU-BRAVO,103.0,12.5,False
2024-07-09,SKU-BRAVO,96.0,12.5,False
2024-07-10,SKU-BRAVO,91.0,12.5,False
2024-07-11,SKU-BRAVO,88.0,12.5,False
2024-07-12,SKU-BRAVO,113.0,12.5,False
2024-07-13,SKU-BRAVO,89.0,12.5,False
2024-07-14,SKU-BRAVO,102.0,12.5,False
2024-07-15,SKU-BRAVO,102.0,12.5,False
2024-07-16,SKU-BRAVO,91.0,12.5,False
2024-07-17,SKU-BRAVO,86.0,12.5,False
2024-07-18,SKU-BRAVO,84.0,12.5,False
2024-07-19,SKU-BRAVO,140.0,12.5,False
2024-07-20,SKU-BRAVO,94.0,12.5,False
2024-07-21,SKU-BRAVO,121.0,12.5,False
2024-07-22,SKU-BRAVO,109.0,12.5,False
2024-07-23,SKU-BRAVO,93.0,12.5,False
2024-07-24,SKU-BRAVO,83.0,12.5,False
2024-07-25,SKU-BRAVO,117.0,12.5,False
2024-07-26,SKU-BRAVO,136.0,12.5,False
2024-07-27,SKU-BRAVO,99.0,12.5,False
2024-07-28,SKU-BRAVO,93.0,12.5,False
2024-07-29,SKU-BRAVO,113.0,12.5,False
2024-07-30,SKU-BRAVO,101.0,12.5,False
2024-07-31,SKU-BRAVO,124.0,12.5,False
2024-08-01,SKU-BRAVO,92.0,12.5,False
2024-08-02,SKU-BRAVO,115.0,12.5,False
2024-08-03,SKU-BRAVO,92.0,12.5,False
2024-08-04,SKU-BRAVO,123.0,12.5,False
2024-08-05,SKU-BRAVO,87.0,12.5,False
2024-08-06,SKU-BRAVO,65.0,12.5,False
2024-08-07,SKU-BRAVO,93.0,12.5,False
2024-08-08,SKU-BRAVO,96.0,12.5,False
2024-08-09,SKU-BRAVO,133.0,12.5,False
2024-08-10,SKU-BRAVO,104.0,12.5,False
2024-08-11,SKU-BRAVO,158.0,10.62,True
2024-08-12,SKU-BRAVO,173.0,10.62,True
2024-08-13,SKU-BRAVO,191.0,10.62,True
2024-08-14,SKU-BRAVO,156.0,10.62,True
2024-08-15,SKU-BRAVO,186.0,10.62,True
2024-08-16,SKU-BRAVO,186.0,10.62,True
2024-08-17,SKU-BRAVO,102.0,12.5,False
2024-08-18,SKU-BRAVO,92.0,12.5,False
2024-08-19,SKU-BRAVO,92.0,12.5,False
2024-08-20,SKU-BRAVO,78.0,12.5,False
2024-08-21,SKU-BRAVO,105.0,12.5,False
2024-08-22,SKU-BRAVO,75.0,12.5,False
2024-08-23,SKU-BRAVO,115.0,12.5,False
2024-08-24,SKU-BRAVO,117.0,12.5,False
2024-08-25,SKU-BRAVO,87.0,12.5,False
2024-08-26,SKU-BRAVO,79.0,12.5,False
2024-08-27,SKU-BRAVO,84.0,12.5,False
2024-08-28,SKU-BRAVO,93.0,12.5,False
2024-08-29,SKU-BRAVO,100.0,12.5,False
2024-08-30,SKU-BRAVO,100.0,12.5,False
2024-08-31,SKU-BRAVO,114.0,12.5,False
2024-09-01,SKU-BRAVO,79.0,12.5,False
2024-09-02,SKU-BRAVO,89.0,12.5,False
2024-09-03,SKU-BRAVO,66.0,12.5,False
2024-09-04,SKU-BRAVO,94.0,12.5,False
2024-09-05,SKU-BRAVO,89.0,12.5,False
2024-09-06,SKU-BRAVO,87.0,12.5,False
2024-09-07,SKU-BRAVO,112.0,12.5,False
2024-09-08,SKU-BRAVO,91.0,12.5,False
2024-09-09,SKU-BRAVO,50.0,12.5,False
2024-09-10,SKU-BRAVO,82.0,12.5,False
2024-09-11,SKU-BRAVO,65.0,12.5,False
2024-09-12,SKU-BRAVO,97.0,12.5,False
2024-09-13,SKU-BRAVO,121.0,12.5,False
2024-09-14,SKU-BRAVO,87.0,12.5,False
2024-09-15,SKU-BRAVO,81.0,12.5,False
2024-09-16,SKU-BRAVO,132.0,10.62,True
2024-09-17,SKU-BRAVO,140.0,10.62,True
2024-09-18,SKU-BRAVO,146.0,10.62,True
2024-09-19,SKU-BRAVO,96.0,12.5,False
2024-09-20,SKU-BRAVO,74.0,12.5,False
2024-09-21,SKU-BRAVO,110.0,12.5,False
2024-09-22,SKU-BRAVO,67.0,12.5,False
2024-09-23,SKU-BRAVO,80.0,12.5,False
2024-09-24,SKU-BRAVO,88.0,12.5,False
2024-09-25,SKU-BRAVO,83.0,12.5,False
2024-09-26,SKU-BRAVO,68.0,12.5,False
2024-09-27,SKU-BRAVO,75.0,12.5,False
2024-09-28,SKU-BRAVO,81.0,12.5,False
2024-09-29,SKU-BRAVO,73.0,12.5,False
2024-09-30,SKU-BRAVO,86.0,12.5,False
2024-10-01,SKU-BRAVO,60.0,12.5,False
2024-10-02,SKU-BRAVO,78.0,12.5,False
2024-10-03,SKU-BRAVO,82.0,12.5,False
2024-10-04,SKU-BRAVO,86.0,12.5,False
2024-10-05,SKU-BRAVO,89.0,12.5,False
2024-10-06,SKU-BRAVO,86.0,12.5,False
2024-10-07,SKU-BRAVO,77.0,12.5,False
2024-10-08,SKU-BRAVO,78.0,12.5,False
2024-10-09,SKU-BRAVO,76.0,12.5,False
2024-10-10,SKU-BRAVO,91.0,12.5,False
2024-10-11,SKU-BRAVO,57.0,12.5,False
2024-10-12,SKU-BRAVO,94.0,12.5,False
2024-10-13,SKU-BRAVO,66.0,12.5,False
2024-10-14,SKU-BRAVO,113.0,10.62,True
2024-10-15,SKU-BRAVO,99.0,10.62,True
2024-10-16,SKU-BRAVO,85.0,10.62,True
2024-10-17,SKU-BRAVO,112.0,10.62,True
2024-10-18,SKU-BRAVO,67.0,12.5,False
2024-10-19,SKU-BRAVO,82.0,12.5,False
2024-10-20,SKU-BRAVO,52.0,12.5,False
2024-10-21,SKU-BRAVO,80.0,12.5,False
2024-10-22,SKU-BRAVO,67.0,12.5,False
2024-10-23,SKU-BRAVO,63.0,12.5,False
2024-10-24,SKU-BRAVO,60.0,12.5,False
2024-10-25,SKU-BRAVO,63.0,12.5,False
2024-10-26,SKU-BRAVO,63.0,12.5,False
2024-10-27,SKU-BRAVO,59.0,12.5,False
2024-10-28,SKU-BRAVO,64.0,12.5,False
2024-10-29,SKU-BRAVO,61.0,12.5,False
2024-10-30,SKU-BRAVO,50.0,12.5,False
2024-10-31,SKU-BRAVO,62.0,12.5,False
2024-11-01,SKU-BRAVO,60.0,12.5,False
2024-11-02,SKU-BRAVO,73.0,12.5,False
2024-11-03,SKU-BRAVO,77.0,12.5,False
2024-11-04,SKU-BRAVO,67.0,12.5,False
2024-11-05,SKU-BRAVO,58.0,12.5,False
2024-11-06,SKU-BRAVO,47.0,12.5,False
2024-11-07,SKU-BRAVO,50.0,12.5,False
2024-11-08,SKU-BRAVO,51.0,12.5,False
2024-11-09,SKU-BRAVO,76.0,12.5,False
2024-11-10,SKU-BRAVO,53.0,12.5,False
2024-11-11,SKU-BRAVO,60.0,12.5,False
2024-11-12,SKU-BRAVO,53.0,12.5,False
2024-11-13,SKU-BRAVO,60.0,12.5,False
2024-11-14,SKU-BRAVO,73.0,12.5,False
2024-11-15,SKU-BRAVO,58.0,12.5,False
2024-11-16,SKU-BRAVO,64.0,12.5,False
2024-11-17,SKU-BRAVO,51.0,12.5,False
2024-11-18,SKU-BRAVO,65.0,12.5,False
2024-11-19,SKU-BRAVO,49.0,12.5,False
2024-11-20,SKU-BRAVO,48.0,12.5,False
2024-11-21,SKU-BRAVO,48.0,12.5,False
2024-11-22,SKU-BRAVO,51.0,12.5,False
2024-11-23,SKU-BRAVO,70.0,12.5,False
2024-11-24,SKU-BRAVO,76.0,12.5,False
2024-11-25,SKU-BRAVO,49.0,12.5,False
2024-11-26,SKU-BRAVO,63.0,12.5,False
2024-11-27,SKU-BRAVO,58.0,12.5,False
2024-11-28,SKU-BRAVO,49.0,12.5,False
2024-11-29,SKU-BRAVO,59.0,12.5,False
2024-11-30,SKU-BRAVO,62.0,12.5,False
2024-12-01,SKU-BRAVO,50.0,12.5,False
2024-12-02,SKU-BRAVO,71.0,12.5,False
2024-12-03,SKU-BRAVO,40.0,12.5,False
2024-12-04,SKU-BRAVO,58.0,12.5,False
2024-12-05,SKU-BRAVO,60.0,12.5,False
2024-12-06,SKU-BRAVO,56.0,12.5,False
2024-12-07,SKU-BRAVO,110.0,10.62,True
2024-12-08,SKU-BRAVO,104.0,10.62,True
2024-12-09,SKU-BRAVO,96.0,10.62,True
2024-12-10,SKU-BRAVO,97.0,10.62,True
2024-12-11,SKU-BRAVO,102.0,10.62,True
2024-12-12,SKU-BRAVO,69.0,10.62,True
2024-12-13,SKU-BRAVO,124.0,10.62,True
2024-12-14,SKU-BRAVO,141.0,10.62,True
2024-12-15,SKU-BRAVO,83.0,12.5,False
2024-12-16,SKU-BRAVO,84.0,12.5,False
2024-12-17,SKU-BRAVO,58.0,12.5,False
2024-12-18,SKU-BRAVO,72.0,12.5,False
2024-12-19,SKU-BRAVO,67.0,12.5,False
2024-12-20,SKU-BRAVO,74.0,12.5,False
2024-12-21,SKU-BRAVO,96.0,12.5,False
2024-12-22,SKU-BRAVO,65.0,12.5,False
2024-12-23,SKU-BRAVO,73.0,12.5,False
2024-12-24,SKU-BRAVO,53.0,12.5,False
2024-12-25,SKU-BRAVO,72.0,12.5,False
2024-12-26,SKU-BRAVO,77.0,12.5,False
2024-12-27,SKU-BRAVO,73.0,12.5,False
2024-12-28,SKU-BRAVO,77.0,12.5,False
2024-12-29,SKU-BRAVO,92.0,12.5,False
2024-12-30,SKU-BRAVO,62.0,12.5,False
2024-12-31,SKU-BRAVO,62.0,12.5,False
2022-01-01,SKU-CHARLIE,390.0,8.75,False
2022-01-02,SKU-CHARLIE,379.0,8.75,False
2022-01-03,SKU-CHARLIE,345.0,8.75,False
2022-01-04,SKU-CHARLIE,346.0,8.75,False
2022-01-05,SKU-CHARLIE,375.0,8.75,False
2022-01-06,SKU-CHARLIE,369.0,8.75,False
2022-01-07,SKU-CHARLIE,358.0,8.75,False
2022-01-08,SKU-CHARLIE,404.0,8.75,False
2022-01-09,SKU-CHARLIE,366.0,8.75,False
2022-01-10,SKU-CHARLIE,402.0,8.75,False
2022-01-11,SKU-CHARLIE,373.0,8.75,False
2022-01-12,SKU-CHARLIE,366.0,8.75,False
2022-01-13,SKU-CHARLIE,383.0,8.75,False
2022-01-14,SKU-CHARLIE,384.0,8.75,False
2022-01-15,SKU-CHARLIE,377.0,8.75,False
2022-01-16,SKU-CHARLIE,364.0,8.75,False
2022-01-17,SKU-CHARLIE,397.0,8.75,False
2022-01-18,SKU-CHARLIE,392.0,8.75,False
2022-01-19,SKU-CHARLIE,410.0,8.75,False
2022-01-20,SKU-CHARLIE,336.0,8.75,False
2022-01-21,SKU-CHARLIE,380.0,8.75,False
2022-01-22,SKU-CHARLIE,386.0,8.75,False
2022-01-23,SKU-CHARLIE,382.0,8.75,False
2022-01-24,SKU-CHARLIE,367.0,8.75,False
2022-01-25,SKU-CHARLIE,454.0,7.44,True
2022-01-26,SKU-CHARLIE,499.0,7.44,True
2022-01-27,SKU-CHARLIE,486.0,7.44,True
2022-01-28,SKU-CHARLIE,362.0,8.75,False
2022-01-29,SKU-CHARLIE,438.0,8.75,False
2022-01-30,SKU-CHARLIE,406.0,8.75,False
2022-01-31,SKU-CHARLIE,367.0,8.75,False
2022-02-01,SKU-CHARLIE,402.0,8.75,False
2022-02-02,SKU-CHARLIE,362.0,8.75,False
2022-02-03,SKU-CHARLIE,417.0,8.75,False
2022-02-04,SKU-CHARLIE,391.0,8.75,False
2022-02-05,SKU-CHARLIE,381.0,8.75,False
2022-02-06,SKU-CHARLIE,373.0,8.75,False
2022-02-07,SKU-CHARLIE,364.0,8.75,False
2022-02-08,SKU-CHARLIE,388.0,8.75,False
2022-02-09,SKU-CHARLIE,389.0,8.75,False
2022-02-10,SKU-CHARLIE,391.0,8.75,False
2022-02-11,SKU-CHARLIE,385.0,8.75,False
2022-02-12,SKU-CHARLIE,303.0,8.75,False
2022-02-13,SKU-CHARLIE,389.0,8.75,False
2022-02-14,SKU-CHARLIE,337.0,8.75,False
2022-02-15,SKU-CHARLIE,393.0,8.75,False
2022-02-16,SKU-CHARLIE,419.0,8.75,False
2022-02-17,SKU-CHARLIE,401.0,8.75,False
2022-02-18,SKU-CHARLIE,393.0,8.75,False
2022-02-19,SKU-CHARLIE,406.0,8.75,False
2022-02-20,SKU-CHARLIE,482.0,7.44,True
2022-02-21,SKU-CHARLIE,471.0,7.44,True
2022-02-22,SKU-CHARLIE,468.0,7.44,True
2022-02-23,SKU-CHARLIE,458.0,7.44,True
2022-02-24,SKU-CHARLIE,538.0,7.44,True
2022-02-25,SKU-CHARLIE,407.0,8.75,False
2022-02-26,SKU-CHARLIE,443.0,8.75,False
2022-02-27,SKU-CHARLIE,387.0,8.75,False
2022-02-28,SKU-CHARLIE,398.0,8.75,False
2022-03-01,SKU-CHARLIE,389.0,8.75,False
2022-03-02,SKU-CHARLIE,409.0,8.75,False
2022-03-03,SKU-CHARLIE,425.0,8.75,False
2022-03-04,SKU-CHARLIE,419.0,8.75,False
2022-03-05,SKU-CHARLIE,399.0,8.75,False
2022-03-06,SKU-CHARLIE,376.0,8.75,False
2022-03-07,SKU-CHARLIE,446.0,8.75,False
2022-03-08,SKU-CHARLIE,390.0,8.75,False
2022-03-09,SKU-CHARLIE,392.0,8.75,False
2022-03-10,SKU-CHARLIE,447.0,8.75,False
2022-03-11,SKU-CHARLIE,448.0,8.75,False
2022-03-12,SKU-CHARLIE,439.0,8.75,False
2022-03-13,SKU-CHARLIE,390.0,8.75,False
2022-03-14,SKU-CHARLIE,471.0,8.75,False
2022-03-15,SKU-CHARLIE,413.0,8.75,False
2022-03-16,SKU-CHARLIE,420.0,8.75,False
2022-03-17,SKU-CHARLIE,405.0,8.75,False
2022-03-18,SKU-CHARLIE,379.0,8.75,False
2022-03-19,SKU-CHARLIE,388.0,8.75,False
2022-03-20,SKU-CHARLIE,417.0,8.75,False
2022-03-21,SKU-CHARLIE,420.0,8.75,False
2022-03-22,SKU-CHARLIE,399.0,8.75,False
2022-03-23,SKU-CHARLIE,375.0,8.75,False
2022-03-24,SKU-CHARLIE,372.0,8.75,False
2022-03-25,SKU-CHARLIE,519.0,7.44,True
2022-03-26,SKU-CHARLIE,485.0,7.44,True
2022-03-27,SKU-CHARLIE,545.0,7.44,True
2022-03-28,SKU-CHARLIE,446.0,8.75,False
2022-03-29,SKU-CHARLIE,492.0,8.75,False
2022-03-30,SKU-CHARLIE,438.0,8.75,False
2022-03-31,SKU-CHARLIE,401.0,8.75,False
2022-04-01,SKU-CHARLIE,403.0,8.75,False
2022-04-02,SKU-CHARLIE,331.0,8.75,False
2022-04-03,SKU-CHARLIE,397.0,8.75,False
2022-04-04,SKU-CHARLIE,412.0,8.75,False
2022-04-05,SKU-CHARLIE,443.0,8.75,False
2022-04-06,SKU-CHARLIE,434.0,8.75,False
2022-04-07,SKU-CHARLIE,440.0,8.75,False
2022-04-08,SKU-CHARLIE,440.0,8.75,False
2022-04-09,SKU-CHARLIE,461.0,8.75,False
2022-04-10,SKU-CHARLIE,461.0,8.75,False
2022-04-11,SKU-CHARLIE,390.0,8.75,False
2022-04-12,SKU-CHARLIE,405.0,8.75,False
2022-04-13,SKU-CHARLIE,380.0,8.75,False
2022-04-14,SKU-CHARLIE,475.0,8.75,False
2022-04-15,SKU-CHARLIE,477.0,8.75,False
2022-04-16,SKU-CHARLIE,469.0,8.75,False
2022-04-17,SKU-CHARLIE,387.0,8.75,False
2022-04-18,SKU-CHARLIE,430.0,8.75,False
2022-04-19,SKU-CHARLIE,416.0,8.75,False
2022-04-20,SKU-CHARLIE,427.0,8.75,False
2022-04-21,SKU-CHARLIE,425.0,8.75,False
2022-04-22,SKU-CHARLIE,458.0,8.75,False
2022-04-23,SKU-CHARLIE,437.0,8.75,False
2022-04-24,SKU-CHARLIE,451.0,8.75,False
2022-04-25,SKU-CHARLIE,436.0,8.75,False
2022-04-26,SKU-CHARLIE,417.0,8.75,False
2022-04-27,SKU-CHARLIE,425.0,8.75,False
2022-04-28,SKU-CHARLIE,421.0,8.75,False
2022-04-29,SKU-CHARLIE,471.0,8.75,False
2022-04-30,SKU-CHARLIE,444.0,8.75,False
2022-05-01,SKU-CHARLIE,438.0,8.75,False
2022-05-02,SKU-CHARLIE,420.0,8.75,False
2022-05-03,SKU-CHARLIE,481.0,7.44,True
2022-05-04,SKU-CHARLIE,574.0,7.44,True
2022-05-05,SKU-CHARLIE,506.0,7.44,True
2022-05-06,SKU-CHARLIE,587.0,7.44,True
2022-05-07,SKU-CHARLIE,587.0,7.44,True
2022-05-08,SKU-CHARLIE,478.0,7.44,True
2022-05-09,SKU-CHARLIE,508.0,7.44,True
2022-05-10,SKU-CHARLIE,417.0,8.75,False
2022-05-11,SKU-CHARLIE,410.0,8.75,False
2022-05-12,SKU-CHARLIE,404.0,8.75,False
2022-05-13,SKU-CHARLIE,475.0,8.75,False
2022-05-14,SKU-CHARLIE,452.0,8.75,False
2022-05-15,SKU-CHARLIE,447.0,8.75,False
2022-05-16,SKU-CHARLIE,425.0,8.75,False
2022-05-17,SKU-CHARLIE,445.0,8.75,False
2022-05-18,SKU-CHARLIE,414.0,8.75,False
2022-05-19,SKU-CHARLIE,442.0,8.75,False
2022-05-20,SKU-CHARLIE,473.0,8.75,False
2022-05-21,SKU-CHARLIE,463.0,8.75,False
2022-05-22,SKU-CHARLIE,424.0,8.75,False
2022-05-23,SKU-CHARLIE,407.0,8.75,False
2022-05-24,SKU-CHARLIE,443.0,8.75,False
2022-05-25,SKU-CHARLIE,450.0,8.75,False
2022-05-26,SKU-CHARLIE,437.0,8.75,False
2022-05-27,SKU-CHARLIE,432.0,8.75,False
2022-05-28,SKU-CHARLIE,482.0,8.75,False
2022-05-29,SKU-CHARLIE,516.0,8.75,False
2022-05-30,SKU-CHARLIE,433.0,8.75,False
2022-05-31,SKU-CHARLIE,450.0,8.75,False
2022-06-01,SKU-CHARLIE,453.0,8.75,False
2022-06-02,SKU-CHARLIE,367.0,8.75,False
2022-06-03,SKU-CHARLIE,462.0,8.75,False
2022-06-04,SKU-CHARLIE,443.0,8.75,False
2022-06-05,SKU-CHARLIE,484.0,8.75,False
2022-06-06,SKU-CHARLIE,436.0,8.75,False
2022-06-07,SKU-CHARLIE,417.0,8.75,False
2022-06-08,SKU-CHARLIE,436.0,8.75,False
2022-06-09,SKU-CHARLIE,454.0,8.75,False
2022-06-10,SKU-CHARLIE,442.0,8.75,False
2022-06-11,SKU-CHARLIE,465.0,8.75,False
2022-06-12,SKU-CHARLIE,401.0,8.75,False
2022-06-13,SKU-CHARLIE,438.0,8.75,False
2022-06-14,SKU-CHARLIE,466.0,8.75,False
2022-06-15,SKU-CHARLIE,505.0,8.75,False
2022-06-16,SKU-CHARLIE,472.0,8.75,False
2022-06-17,SKU-CHARLIE,469.0,8.75,False
2022-06-18,SKU-CHARLIE,633.0,7.44,True
2022-06-19,SKU-CHARLIE,593.0,7.44,True
2022-06-20,SKU-CHARLIE,622.0,7.44,True
2022-06-21,SKU-CHARLIE,595.0,7.44,True
2022-06-22,SKU-CHARLIE,550.0,7.44,True
2022-06-23,SKU-CHARLIE,572.0,7.44,True
2022-06-24,SKU-CHARLIE,467.0,8.75,False
2022-06-25,SKU-CHARLIE,478.0,8.75,False
2022-06-26,SKU-CHARLIE,450.0,8.75,False
2022-06-27,SKU-CHARLIE,421.0,8.75,False
2022-06-28,SKU-CHARLIE,377.0,8.75,False
2022-06-29,SKU-CHARLIE,423.0,8.75,False
2022-06-30,SKU-CHARLIE,386.0,8.75,False
2022-07-01,SKU-CHARLIE,463.0,8.75,False
2022-07-02,SKU-CHARLIE,468.0,8.75,False
2022-07-03,SKU-CHARLIE,391.0,8.75,False
2022-07-04,SKU-CHARLIE,467.0,8.75,False
2022-07-05,SKU-CHARLIE,469.0,8.75,False
2022-07-06,SKU-CHARLIE,447.0,8.75,False
2022-07-07,SKU-CHARLIE,502.0,8.75,False
2022-07-08,SKU-CHARLIE,520.0,8.75,False
2022-07-09,SKU-CHARLIE,428.0,8.75,False
2022-07-10,SKU-CHARLIE,474.0,8.75,False
2022-07-11,SKU-CHARLIE,458.0,8.75,False
2022-07-12,SKU-CHARLIE,454.0,8.75,False
2022-07-13,SKU-CHARLIE,472.0,8.75,False
2022-07-14,SKU-CHARLIE,426.0,8.75,False
2022-07-15,SKU-CHARLIE,440.0,8.75,False
2022-07-16,SKU-CHARLIE,439.0,8.75,False
2022-07-17,SKU-CHARLIE,418.0,8.75,False
2022-07-18,SKU-CHARLIE,440.0,8.75,False
2022-07-19,SKU-CHARLIE,395.0,8.75,False
2022-07-20,SKU-CHARLIE,409.0,8.75,False
2022-07-21,SKU-CHARLIE,465.0,8.75,False
2022-07-22,SKU-CHARLIE,455.0,8.75,False
2022-07-23,SKU-CHARLIE,477.0,8.75,False
2022-07-24,SKU-CHARLIE,381.0,8.75,False
2022-07-25,SKU-CHARLIE,417.0,8.75,False
2022-07-26,SKU-CHARLIE,421.0,8.75,False
2022-07-27,SKU-CHARLIE,440.0,8.75,False
2022-07-28,SKU-CHARLIE,426.0,8.75,False
2022-07-29,SKU-CHARLIE,485.0,8.75,False
2022-07-30,SKU-CHARLIE,460.0,8.75,False
2022-07-31,SKU-CHARLIE,438.0,8.75,False
2022-08-01,SKU-CHARLIE,440.0,8.75,False
2022-08-02,SKU-CHARLIE,458.0,8.75,False
2022-08-03,SKU-CHARLIE,423.0,8.75,False
2022-08-04,SKU-CHARLIE,477.0,8.75,False
2022-08-05,SKU-CHARLIE,584.0,7.44,True
2022-08-06,SKU-CHARLIE,581.0,7.44,True
2022-08-07,SKU-CHARLIE,545.0,7.44,True
2022-08-08,SKU-CHARLIE,566.0,7.44,True
2022-08-09,SKU-CHARLIE,464.0,8.75,False
2022-08-10,SKU-CHARLIE,463.0,8.75,False
2022-08-11,SKU-CHARLIE,451.0,8.75,False
2022-08-12,SKU-CHARLIE,478.0,8.75,False
2022-08-13,SKU-CHARLIE,461.0,8.75,False
2022-08-14,SKU-CHARLIE,470.0,8.75,False
2022-08-15,SKU-CHARLIE,433.0,8.75,False
2022-08-16,SKU-CHARLIE,368.0,8.75,False
2022-08-17,SKU-CHARLIE,472.0,8.75,False
2022-08-18,SKU-CHARLIE,440.0,8.75,False
2022-08-19,SKU-CHARLIE,410.0,8.75,False
2022-08-20,SKU-CHARLIE,447.0,8.75,False
2022-08-21,SKU-CHARLIE,403.0,8.75,False
2022-08-22,SKU-CHARLIE,494.0,8.75,False
2022-08-23,SKU-CHARLIE,443.0,8.75,False
2022-08-24,SKU-CHARLIE,382.0,8.75,False
2022-08-25,SKU-CHARLIE,450.0,8.75,False
2022-08-26,SKU-CHARLIE,431.0,8.75,False
2022-08-27,SKU-CHARLIE,511.0,8.75,False
2022-08-28,SKU-CHARLIE,395.0,8.75,False
2022-08-29,SKU-CHARLIE,360.0,8.75,False
2022-08-30,SKU-CHARLIE,426.0,8.75,False
2022-08-31,SKU-CHARLIE,415.0,8.75,False
2022-09-01,SKU-CHARLIE,418.0,8.75,False
2022-09-02,SKU-CHARLIE,374.0,8.75,False
2022-09-03,SKU-CHARLIE,460.0,8.75,False
2022-09-04,SKU-CHARLIE,472.0,8.75,False
2022-09-05,SKU-CHARLIE,367.0,8.75,False
2022-09-06,SKU-CHARLIE,455.0,8.75,False
2022-09-07,SKU-CHARLIE,405.0,8.75,False
2022-09-08,SKU-CHARLIE,497.0,8.75,False
2022-09-09,SKU-CHARLIE,450.0,8.75,False
2022-09-10,SKU-CHARLIE,437.0,8.75,False
2022-09-11,SKU-CHARLIE,451.0,8.75,False
2022-09-12,SKU-CHARLIE,436.0,8.75,False
2022-09-13,SKU-CHARLIE,400.0,8.75,False
2022-09-14,SKU-CHARLIE,439.0,8.75,False
2022-09-15,SKU-CHARLIE,408.0,8.75,False
2022-09-16,SKU-CHARLIE,378.0,8.75,False
2022-09-17,SKU-CHARLIE,502.0,8.75,False
2022-09-18,SKU-CHARLIE,405.0,8.75,False
2022-09-19,SKU-CHARLIE,399.0,8.75,False
2022-09-20,SKU-CHARLIE,423.0,8.75,False
2022-09-21,SKU-CHARLIE,461.0,7.44,True
2022-09-22,SKU-CHARLIE,474.0,7.44,True
2022-09-23,SKU-CHARLIE,517.0,7.44,True
2022-09-24,SKU-CHARLIE,524.0,7.44,True
2022-09-25,SKU-CHARLIE,517.0,7.44,True
2022-09-26,SKU-CHARLIE,557.0,7.44,True
2022-09-27,SKU-CHARLIE,495.0,7.44,True
2022-09-28,SKU-CHARLIE,531.0,7.44,True
2022-09-29,SKU-CHARLIE,433.0,8.75,False
2022-09-30,SKU-CHARLIE,393.0,8.75,False
2022-10-01,SKU-CHARLIE,438.0,8.75,False
2022-10-02,SKU-CHARLIE,381.0,8.75,False
2022-10-03,SKU-CHARLIE,440.0,8.75,False
2022-10-04,SKU-CHARLIE,419.0,8.75,False
2022-10-05,SKU-CHARLIE,408.0,8.75,False
2022-10-06,SKU-CHARLIE,373.0,8.75,False
2022-10-07,SKU-CHARLIE,425.0,8.75,False
2022-10-08,SKU-CHARLIE,405.0,8.75,False
2022-10-09,SKU-CHARLIE,424.0,8.75,False
2022-10-10,SKU-CHARLIE,403.0,8.75,False
2022-10-11,SKU-CHARLIE,380.0,8.75,False
2022-10-12,SKU-CHARLIE,430.0,8.75,False
2022-10-13,SKU-CHARLIE,429.0,8.75,False
2022-10-14,SKU-CHARLIE,400.0,8.75,False
2022-10-15,SKU-CHARLIE,458.0,8.75,False
2022-10-16,SKU-CHARLIE,393.0,8.75,False
2022-10-17,SKU-CHARLIE,394.0,8.75,False
2022-10-18,SKU-CHARLIE,403.0,8.75,False
2022-10-19,SKU-CHARLIE,379.0,8.75,False
2022-10-20,SKU-CHARLIE,392.0,8.75,False
2022-10-21,SKU-CHARLIE,410.0,8.75,False
2022-10-22,SKU-CHARLIE,466.0,8.75,False
2022-10-23,SKU-CHARLIE,550.0,7.44,True
2022-10-24,SKU-CHARLIE,490.0,7.44,True
2022-10-25,SKU-CHARLIE,551.0,7.44,True
2022-10-26,SKU-CHARLIE,495.0,7.44,True
2022-10-27,SKU-CHARLIE,516.0,7.44,True
2022-10-28,SKU-CHARLIE,546.0,7.44,True
2022-10-29,SKU-CHARLIE,532.0,7.44,True
2022-10-30,SKU-CHARLIE,462.0,8.75,False
2022-10-31,SKU-CHARLIE,403.0,8.75,False
2022-11-01,SKU-CHARLIE,360.0,8.75,False
2022-11-02,SKU-CHARLIE,430.0,8.75,False
2022-11-03,SKU-CHARLIE,388.0,8.75,False
2022-11-04,SKU-CHARLIE,400.0,8.75,False
2022-11-05,SKU-CHARLIE,328.0,8.75,False
2022-11-06,SKU-CHARLIE,420.0,8.75,False
2022-11-07,SKU-CHARLIE,416.0,8.75,False
2022-11-08,SKU-CHARLIE,413.0,8.75,False
2022-11-09,SKU-CHARLIE,419.0,8.75,False
2022-11-10,SKU-CHARLIE,444.0,8.75,False
2022-11-11,SKU-CHARLIE,405.0,8.75,False
2022-11-12,SKU-CHARLIE,439.0,8.75,False
2022-11-13,SKU-CHARLIE,370.0,8.75,False
2022-11-14,SKU-CHARLIE,382.0,8.75,False
2022-11-15,SKU-CHARLIE,418.0,8.75,False
2022-11-16,SKU-CHARLIE,400.0,8.75,False
2022-11-17,SKU-CHARLIE,358.0,8.75,False
2022-11-18,SKU-CHARLIE,414.0,8.75,False
2022-11-19,SKU-CHARLIE,405.0,8.75,False
2022-11-20,SKU-CHARLIE,366.0,8.75,False
2022-11-21,SKU-CHARLIE,402.0,8.75,False
2022-11-22,SKU-CHARLIE,376.0,8.75,False
2022-11-23,SKU-CHARLIE,345.0,8.75,False
2022-11-24,SKU-CHARLIE,362.0,8.75,False
2022-11-25,SKU-CHARLIE,452.0,8.75,False
2022-11-26,SKU-CHARLIE,365.0,8.75,False
2022-11-27,SKU-CHARLIE,393.0,8.75,False
2022-11-28,SKU-CHARLIE,405.0,8.75,False
2022-11-29,SKU-CHARLIE,403.0,8.75,False
2022-11-30,SKU-CHARLIE,354.0,8.75,False
2022-12-01,SKU-CHARLIE,383.0,8.75,False
2022-12-02,SKU-CHARLIE,405.0,8.75,False
2022-12-03,SKU-CHARLIE,430.0,8.75,False
2022-12-04,SKU-CHARLIE,460.0,7.44,True
2022-12-05,SKU-CHARLIE,445.0,7.44,True
2022-12-06,SKU-CHARLIE,515.0,7.44,True
2022-12-07,SKU-CHARLIE,520.0,7.44,True
2022-12-08,SKU-CHARLIE,501.0,7.44,True
2022-12-09,SKU-CHARLIE,383.0,8.75,False
2022-12-10,SKU-CHARLIE,418.0,8.75,False
2022-12-11,SKU-CHARLIE,388.0,8.75,False
2022-12-12,SKU-CHARLIE,410.0,8.75,False
2022-12-13,SKU-CHARLIE,351.0,8.75,False
2022-12-14,SKU-CHARLIE,389.0,8.75,False
2022-12-15,SKU-CHARLIE,425.0,8.75,False
2022-12-16,SKU-CHARLIE,406.0,8.75,False
2022-12-17,SKU-CHARLIE,454.0,8.75,False
2022-12-18,SKU-CHARLIE,424.0,8.75,False
2022-12-19,SKU-CHARLIE,413.0,8.75,False
2022-12-20,SKU-CHARLIE,434.0,8.75,False
2022-12-21,SKU-CHARLIE,382.0,8.75,False
2022-12-22,SKU-CHARLIE,428.0,8.75,False
2022-12-23,SKU-CHARLIE,454.0,8.75,False
2022-12-24,SKU-CHARLIE,456.0,8.75,False
2022-12-25,SKU-CHARLIE,456.0,8.75,False
2022-12-26,SKU-CHARLIE,390.0,8.75,False
2022-12-27,SKU-CHARLIE,379.0,8.75,False
2022-12-28,SKU-CHARLIE,432.0,8.75,False
2022-12-29,SKU-CHARLIE,444.0,8.75,False
2022-12-30,SKU-CHARLIE,507.0,8.75,False
2022-12-31,SKU-CHARLIE,468.0,8.75,False
2023-01-01,SKU-CHARLIE,363.0,8.75,False
2023-01-02,SKU-CHARLIE,410.0,8.75,False
2023-01-03,SKU-CHARLIE,363.0,8.75,False
2023-01-04,SKU-CHARLIE,434.0,7.44,True
2023-01-05,SKU-CHARLIE,580.0,7.44,True
2023-01-06,SKU-CHARLIE,514.0,7.44,True
2023-01-07,SKU-CHARLIE,537.0,7.44,True
2023-01-08,SKU-CHARLIE,504.0,7.44,True
2023-01-09,SKU-CHARLIE,549.0,7.44,True
2023-01-10,SKU-CHARLIE,494.0,7.44,True
2023-01-11,SKU-CHARLIE,528.0,7.44,True
2023-01-12,SKU-CHARLIE,366.0,8.75,False
2023-01-13,SKU-CHARLIE,365.0,8.75,False
2023-01-14,SKU-CHARLIE,452.0,8.75,False
2023-01-15,SKU-CHARLIE,430.0,8.75,False
2023-01-16,SKU-CHARLIE,406.0,8.75,False
2023-01-17,SKU-CHARLIE,396.0,8.75,False
2023-01-18,SKU-CHARLIE,396.0,8.75,False
2023-01-19,SKU-CHARLIE,377.0,8.75,False
2023-01-20,SKU-CHARLIE,450.0,8.75,False
2023-01-21,SKU-CHARLIE,432.0,8.75,False
2023-01-22,SKU-CHARLIE,406.0,8.75,False
2023-01-23,SKU-CHARLIE,404.0,8.75,False
2023-01-24,SKU-CHARLIE,420.0,8.75,False
2023-01-25,SKU-CHARLIE,407.0,8.75,False
2023-01-26,SKU-CHARLIE,420.0,8.75,False
2023-01-27,SKU-CHARLIE,376.0,8.75,False
2023-01-28,SKU-CHARLIE,431.0,8.75,False
2023-01-29,SKU-CHARLIE,455.0,8.75,False
2023-01-30,SKU-CHARLIE,382.0,8.75,False
2023-01-31,SKU-CHARLIE,391.0,8.75,False
2023-02-01,SKU-CHARLIE,421.0,8.75,False
2023-02-02,SKU-CHARLIE,429.0,8.75,False
2023-02-03,SKU-CHARLIE,430.0,8.75,False
2023-02-04,SKU-CHARLIE,372.0,8.75,False
2023-02-05,SKU-CHARLIE,411.0,8.75,False
2023-02-06,SKU-CHARLIE,367.0,8.75,False
2023-02-07,SKU-CHARLIE,375.0,8.75,False
2023-02-08,SKU-CHARLIE,415.0,8.75,False
2023-02-09,SKU-CHARLIE,397.0,8.75,False
2023-02-10,SKU-CHARLIE,439.0,8.75,False
2023-02-11,SKU-CHARLIE,516.0,8.75,False
2023-02-12,SKU-CHARLIE,423.0,8.75,False
2023-02-13,SKU-CHARLIE,424.0,8.75,False
2023-02-14,SKU-CHARLIE,376.0,8.75,False
2023-02-15,SKU-CHARLIE,385.0,8.75,False
2023-02-16,SKU-CHARLIE,378.0,8.75,False
2023-02-17,SKU-CHARLIE,505.0,7.44,True
2023-02-18,SKU-CHARLIE,493.0,7.44,True
2023-02-19,SKU-CHARLIE,482.0,7.44,True
2023-02-20,SKU-CHARLIE,501.0,7.44,True
2023-02-21,SKU-CHARLIE,471.0,7.44,True
2023-02-22,SKU-CHARLIE,366.0,8.75,False
2023-02-23,SKU-CHARLIE,373.0,8.75,False
2023-02-24,SKU-CHARLIE,437.0,8.75,False
2023-02-25,SKU-CHARLIE,433.0,8.75,False
2023-02-26,SKU-CHARLIE,438.0,8.75,False
2023-02-27,SKU-CHARLIE,441.0,8.75,False
2023-02-28,SKU-CHARLIE,399.0,8.75,False
2023-03-01,SKU-CHARLIE,430.0,8.75,False
2023-03-02,SKU-CHARLIE,375.0,8.75,False
2023-03-03,SKU-CHARLIE,496.0,8.75,False
2023-03-04,SKU-CHARLIE,471.0,8.75,False
2023-03-05,SKU-CHARLIE,406.0,8.75,False
2023-03-06,SKU-CHARLIE,381.0,8.75,False
2023-03-07,SKU-CHARLIE,424.0,8.75,False
2023-03-08,SKU-CHARLIE,361.0,8.75,False
2023-03-09,SKU-CHARLIE,398.0,8.75,False
2023-03-10,SKU-CHARLIE,455.0,8.75,False
2023-03-11,SKU-CHARLIE,442.0,8.75,False
2023-03-12,SKU-CHARLIE,403.0,8.75,False
2023-03-13,SKU-CHARLIE,448.0,8.75,False
2023-03-14,SKU-CHARLIE,387.0,8.75,False
2023-03-15,SKU-CHARLIE,428.0,8.75,False
2023-03-16,SKU-CHARLIE,411.0,8.75,False
2023-03-17,SKU-CHARLIE,411.0,8.75,False
2023-03-18,SKU-CHARLIE,459.0,8.75,False
2023-03-19,SKU-CHARLIE,392.0,8.75,False
2023-03-20,SKU-CHARLIE,480.0,8.75,False
2023-03-21,SKU-CHARLIE,405.0,8.75,False
2023-03-22,SKU-CHARLIE,483.0,8.75,False
2023-03-23,SKU-CHARLIE,397.0,8.75,False
2023-03-24,SKU-CHARLIE,460.0,8.75,False
2023-03-25,SKU-CHARLIE,411.0,8.75,False
2023-03-26,SKU-CHARLIE,386.0,8.75,False
2023-03-27,SKU-CHARLIE,433.0,8.75,False
2023-03-28,SKU-CHARLIE,446.0,8.75,False
2023-03-29,SKU-CHARLIE,390.0,8.75,False
2023-03-30,SKU-CHARLIE,470.0,8.75,False
2023-03-31,SKU-CHARLIE,421.0,8.75,False
2023-04-01,SKU-CHARLIE,458.0,8.75,False
2023-04-02,SKU-CHARLIE,441.0,8.75,False
2023-04-03,SKU-CHARLIE,451.0,8.75,False
2023-04-04,SKU-CHARLIE,376.0,8.75,False
2023-04-05,SKU-CHARLIE,482.0,8.75,False
2023-04-06,SKU-CHARLIE,456.0,8.75,False
2023-04-07,SKU-CHARLIE,437.0,8.75,False
2023-04-08,SKU-CHARLIE,425.0,8.75,False
2023-04-09,SKU-CHARLIE,383.0,8.75,False
2023-04-10,SKU-CHARLIE,395.0,8.75,False
2023-04-11,SKU-CHARLIE,451.0,8.75,False
2023-04-12,SKU-CHARLIE,426.0,8.75,False
2023-04-13,SKU-CHARLIE,408.0,8.75,False
2023-04-14,SKU-CHARLIE,438.0,8.75,False
2023-04-15,SKU-CHARLIE,513.0,8.75,False
2023-04-16,SKU-CHARLIE,428.0,8.75,False
2023-04-17,SKU-CHARLIE,529.0,7.44,True
2023-04-18,SKU-CHARLIE,600.0,7.44,True
2023-04-19,SKU-CHARLIE,569.0,7.44,True
2023-04-20,SKU-CHARLIE,560.0,7.44,True
2023-04-21,SKU-CHARLIE,549.0,7.44,True
2023-04-22,SKU-CHARLIE,520.0,7.44,True
2023-04-23,SKU-CHARLIE,507.0,7.44,True
2023-04-24,SKU-CHARLIE,537.0,7.44,True
2023-04-25,SKU-CHARLIE,436.0,8.75,False
2023-04-26,SKU-CHARLIE,456.0,8.75,False
2023-04-27,SKU-CHARLIE,468.0,8.75,False
2023-04-28,SKU-CHARLIE,469.0,8.75,False
2023-04-29,SKU-CHARLIE,478.0,8.75,False
2023-04-30,SKU-CHARLIE,414.0,8.75,False
2023-05-01,SKU-CHARLIE,381.0,8.75,False
2023-05-02,SKU-CHARLIE,430.0,8.75,False
2023-05-03,SKU-CHARLIE,418.0,8.75,False
2023-05-04,SKU-CHARLIE,434.0,8.75,False
2023-05-05,SKU-CHARLIE,457.0,8.75,False
2023-05-06,SKU-CHARLIE,433.0,8.75,False
2023-05-07,SKU-CHARLIE,414.0,8.75,False
2023-05-08,SKU-CHARLIE,449.0,8.75,False
2023-05-09,SKU-CHARLIE,453.0,8.75,False
2023-05-10,SKU-CHARLIE,430.0,8.75,False
2023-05-11,SKU-CHARLIE,473.0,8.75,False
2023-05-12,SKU-CHARLIE,462.0,8.75,False
2023-05-13,SKU-CHARLIE,443.0,8.75,False
2023-05-14,SKU-CHARLIE,453.0,8.75,False
2023-05-15,SKU-CHARLIE,515.0,8.75,False
2023-05-16,SKU-CHARLIE,431.0,8.75,False
2023-05-17,SKU-CHARLIE,491.0,8.75,False
2023-05-18,SKU-CHARLIE,505.0,8.75,False
2023-05-19,SKU-CHARLIE,652.0,7.44,True
2023-05-20,SKU-CHARLIE,565.0,7.44,True
2023-05-21,SKU-CHARLIE,649.0,7.44,True
2023-05-22,SKU-CHARLIE,576.0,7.44,True
2023-05-23,SKU-CHARLIE,446.0,8.75,False
2023-05-24,SKU-CHARLIE,449.0,8.75,False
2023-05-25,SKU-CHARLIE,482.0,8.75,False
2023-05-26,SKU-CHARLIE,476.0,8.75,False
2023-05-27,SKU-CHARLIE,476.0,8.75,False
2023-05-28,SKU-CHARLIE,498.0,8.75,False
2023-05-29,SKU-CHARLIE,436.0,8.75,False
2023-05-30,SKU-CHARLIE,423.0,8.75,False
2023-05-31,SKU-CHARLIE,484.0,8.75,False
2023-06-01,SKU-CHARLIE,487.0,8.75,False
2023-06-02,SKU-CHARLIE,512.0,8.75,False
2023-06-03,SKU-CHARLIE,448.0,8.75,False
2023-06-04,SKU-CHARLIE,493.0,8.75,False
2023-06-05,SKU-CHARLIE,477.0,8.75,False
2023-06-06,SKU-CHARLIE,515.0,8.75,False
2023-06-07,SKU-CHARLIE,420.0,8.75,False
2023-06-08,SKU-CHARLIE,473.0,8.75,False
2023-06-09,SKU-CHARLIE,468.0,8.75,False
2023-06-10,SKU-CHARLIE,431.0,8.75,False
2023-06-11,SKU-CHARLIE,437.0,8.75,False
2023-06-12,SKU-CHARLIE,499.0,8.75,False
2023-06-13,SKU-CHARLIE,444.0,8.75,False
2023-06-14,SKU-CHARLIE,438.0,8.75,False
2023-06-15,SKU-CHARLIE,495.0,8.75,False
2023-06-16,SKU-CHARLIE,511.0,8.75,False
2023-06-17,SKU-CHARLIE,520.0,8.75,False
2023-06-18,SKU-CHARLIE,435.0,8.75,False
2023-06-19,SKU-CHARLIE,461.0,8.75,False
2023-06-20,SKU-CHARLIE,493.0,8.75,False
2023-06-21,SKU-CHARLIE,440.0,8.75,False
2023-06-22,SKU-CHARLIE,443.0,8.75,False
2023-06-23,SKU-CHARLIE,633.0,7.44,True
2023-06-24,SKU-CHARLIE,675.0,7.44,True
2023-06-25,SKU-CHARLIE,529.0,7.44,True
2023-06-26,SKU-CHARLIE,474.0,7.44,True
2023-06-27,SKU-CHARLIE,517.0,7.44,True
2023-06-28,SKU-CHARLIE,536.0,7.44,True
2023-06-29,SKU-CHARLIE,579.0,7.44,True
2023-06-30,SKU-CHARLIE,624.0,7.44,True
2023-07-01,SKU-CHARLIE,481.0,8.75,False
2023-07-02,SKU-CHARLIE,438.0,8.75,False
2023-07-03,SKU-CHARLIE,468.0,8.75,False
2023-07-04,SKU-CHARLIE,429.0,8.75,False
2023-07-05,SKU-CHARLIE,460.0,8.75,False
2023-07-06,SKU-CHARLIE,446.0,8.75,False
2023-07-07,SKU-CHARLIE,568.0,8.75,False
2023-07-08,SKU-CHARLIE,513.0,8.75,False
2023-07-09,SKU-CHARLIE,433.0,8.75,False
2023-07-10,SKU-CHARLIE,430.0,8.75,False
2023-07-11,SKU-CHARLIE,445.0,8.75,False
2023-07-12,SKU-CHARLIE,407.0,8.75,False
2023-07-13,SKU-CHARLIE,442.0,8.75,False
2023-07-14,SKU-CHARLIE,452.0,8.75,False
2023-07-15,SKU-CHARLIE,514.0,8.75,False
2023-07-16,SKU-CHARLIE,445.0,8.75,False
2023-07-17,SKU-CHARLIE,435.0,8.75,False
2023-07-18,SKU-CHARLIE,414.0,8.75,False
2023-07-19,SKU-CHARLIE,421.0,8.75,False
2023-07-20,SKU-CHARLIE,462.0,8.75,False
2023-07-21,SKU-CHARLIE,468.0,8.75,False
2023-07-22,SKU-CHARLIE,651.0,7.44,True
2023-07-23,SKU-CHARLIE,546.0,7.44,True
2023-07-24,SKU-CHARLIE,616.0,7.44,True
2023-07-25,SKU-CHARLIE,464.0,8.75,False
2023-07-26,SKU-CHARLIE,457.0,8.75,False
2023-07-27,SKU-CHARLIE,397.0,8.75,False
2023-07-28,SKU-CHARLIE,431.0,8.75,False
2023-07-29,SKU-CHARLIE,506.0,8.75,False
2023-07-30,SKU-CHARLIE,499.0,8.75,False
2023-07-31,SKU-CHARLIE,463.0,8.75,False
2023-08-01,SKU-CHARLIE,478.0,8.75,False
2023-08-02,SKU-CHARLIE,442.0,8.75,False
2023-08-03,SKU-CHARLIE,448.0,8.75,False
2023-08-04,SKU-CHARLIE,449.0,8.75,False
2023-08-05,SKU-CHARLIE,511.0,8.75,False
2023-08-06,SKU-CHARLIE,463.0,8.75,False
2023-08-07,SKU-CHARLIE,447.0,8.75,False
2023-08-08,SKU-CHARLIE,440.0,8.75,False
2023-08-09,SKU-CHARLIE,470.0,8.75,False
2023-08-10,SKU-CHARLIE,468.0,8.75,False
2023-08-11,SKU-CHARLIE,441.0,8.75,False
2023-08-12,SKU-CHARLIE,532.0,8.75,False
2023-08-13,SKU-CHARLIE,458.0,8.75,False
2023-08-14,SKU-CHARLIE,452.0,8.75,False
2023-08-15,SKU-CHARLIE,494.0,8.75,False
2023-08-16,SKU-CHARLIE,481.0,8.75,False
2023-08-17,SKU-CHARLIE,452.0,8.75,False
2023-08-18,SKU-CHARLIE,482.0,8.75,False
2023-08-19,SKU-CHARLIE,437.0,8.75,False
2023-08-20,SKU-CHARLIE,426.0,8.75,False
2023-08-21,SKU-CHARLIE,377.0,8.75,False
2023-08-22,SKU-CHARLIE,483.0,8.75,False
2023-08-23,SKU-CHARLIE,387.0,8.75,False
2023-08-24,SKU-CHARLIE,473.0,8.75,False
2023-08-25,SKU-CHARLIE,435.0,8.75,False
2023-08-26,SKU-CHARLIE,436.0,8.75,False
2023-08-27,SKU-CHARLIE,437.0,8.75,False
2023-08-28,SKU-CHARLIE,453.0,8.75,False
2023-08-29,SKU-CHARLIE,460.0,8.75,False
2023-08-30,SKU-CHARLIE,497.0,8.75,False
2023-08-31,SKU-CHARLIE,459.0,8.75,False
2023-09-01,SKU-CHARLIE,486.0,8.75,False
2023-09-02,SKU-CHARLIE,445.0,8.75,False
2023-09-03,SKU-CHARLIE,461.0,8.75,False
2023-09-04,SKU-CHARLIE,446.0,8.75,False
2023-09-05,SKU-CHARLIE,424.0,8.75,False
2023-09-06,SKU-CHARLIE,436.0,8.75,False
2023-09-07,SKU-CHARLIE,442.0,8.75,False
2023-09-08,SKU-CHARLIE,460.0,8.75,False
2023-09-09,SKU-CHARLIE,474.0,8.75,False
2023-09-10,SKU-CHARLIE,420.0,8.75,False
2023-09-11,SKU-CHARLIE,415.0,8.75,False
2023-09-12,SKU-CHARLIE,457.0,8.75,False
2023-09-13,SKU-CHARLIE,479.0,7.44,True
2023-09-14,SKU-CHARLIE,526.0,7.44,True
2023-09-15,SKU-CHARLIE,624.0,7.44,True
2023-09-16,SKU-CHARLIE,463.0,7.44,True
2023-09-17,SKU-CHARLIE,514.0,7.44,True
2023-09-18,SKU-CHARLIE,568.0,7.44,True
2023-09-19,SKU-CHARLIE,476.0,7.44,True
2023-09-20,SKU-CHARLIE,509.0,8.75,False
2023-09-21,SKU-CHARLIE,357.0,8.75,False
2023-09-22,SKU-CHARLIE,491.0,8.75,False
2023-09-23,SKU-CHARLIE,502.0,8.75,False
2023-09-24,SKU-CHARLIE,456.0,8.75,False
2023-09-25,SKU-CHARLIE,423.0,8.75,False
2023-09-26,SKU-CHARLIE,437.0,8.75,False
2023-09-27,SKU-CHARLIE,400.0,8.75,False
2023-09-28,SKU-CHARLIE,457.0,8.75,False
2023-09-29,SKU-CHARLIE,407.0,8.75,False
2023-09-30,SKU-CHARLIE,440.0,8.75,False
2023-10-01,SKU-CHARLIE,454.0,8.75,False
2023-10-02,SKU-CHARLIE,393.0,8.75,False
2023-10-03,SKU-CHARLIE,412.0,8.75,False
2023-10-04,SKU-CHARLIE,428.0,8.75,False
2023-10-05,SKU-CHARLIE,388.0,8.75,False
2023-10-06,SKU-CHARLIE,474.0,8.75,False
2023-10-07,SKU-CHARLIE,455.0,8.75,False
2023-10-08,SKU-CHARLIE,376.0,8.75,False
2023-10-09,SKU-CHARLIE,421.0,8.75,False
2023-10-10,SKU-CHARLIE,396.0,8.75,False
2023-10-11,SKU-CHARLIE,400.0,8.75,False
2023-10-12,SKU-CHARLIE,427.0,8.75,False
2023-10-13,SKU-CHARLIE,413.0,8.75,False
2023-10-14,SKU-CHARLIE,471.0,8.75,False
2023-10-15,SKU-CHARLIE,396.0,8.75,False
2023-10-16,SKU-CHARLIE,447.0,8.75,False
2023-10-17,SKU-CHARLIE,414.0,8.75,False
2023-10-18,SKU-CHARLIE,441.0,8.75,False
2023-10-19,SKU-CHARLIE,405.0,8.75,False
2023-10-20,SKU-CHARLIE,416.0,8.75,False
2023-10-21,SKU-CHARLIE,402.0,8.75,False
2023-10-22,SKU-CHARLIE,430.0,8.75,False
2023-10-23,SKU-CHARLIE,443.0,8.75,False
2023-10-24,SKU-CHARLIE,473.0,8.75,False
2023-10-25,SKU-CHARLIE,563.0,7.44,True
2023-10-26,SKU-CHARLIE,532.0,7.44,True
2023-10-27,SKU-CHARLIE,527.0,7.44,True
2023-10-28,SKU-CHARLIE,557.0,7.44,True
2023-10-29,SKU-CHARLIE,410.0,8.75,False
2023-10-30,SKU-CHARLIE,454.0,8.75,False
2023-10-31,SKU-CHARLIE,436.0,8.75,False
2023-11-01,SKU-CHARLIE,386.0,8.75,False
2023-11-02,SKU-CHARLIE,395.0,8.75,False
2023-11-03,SKU-CHARLIE,465.0,8.75,False
2023-11-04,SKU-CHARLIE,440.0,8.75,False
2023-11-05,SKU-CHARLIE,401.0,8.75,False
2023-11-06,SKU-CHARLIE,443.0,8.75,False
2023-11-07,SKU-CHARLIE,395.0,8.75,False
2023-11-08,SKU-CHARLIE,399.0,8.75,False
2023-11-09,SKU-CHARLIE,399.0,8.75,False
2023-11-10,SKU-CHARLIE,364.0,8.75,False
2023-11-11,SKU-CHARLIE,454.0,8.75,False
2023-11-12,SKU-CHARLIE,371.0,8.75,False
2023-11-13,SKU-CHARLIE,391.0,8.75,False
2023-11-14,SKU-CHARLIE,383.0,8.75,False
2023-11-15,SKU-CHARLIE,426.0,8.75,False
2023-11-16,SKU-CHARLIE,408.0,8.75,False
2023-11-17,SKU-CHARLIE,420.0,8.75,False
2023-11-18,SKU-CHARLIE,376.0,8.75,False
2023-11-19,SKU-CHARLIE,501.0,7.44,True
2023-11-20,SKU-CHARLIE,454.0,7.44,True
2023-11-21,SKU-CHARLIE,514.0,7.44,True
2023-11-22,SKU-CHARLIE,517.0,7.44,True
2023-11-23,SKU-CHARLIE,510.0,7.44,True
2023-11-24,SKU-CHARLIE,478.0,8.75,False
2023-11-25,SKU-CHARLIE,440.0,8.75,False
2023-11-26,SKU-CHARLIE,418.0,8.75,False
2023-11-27,SKU-CHARLIE,408.0,8.75,False
2023-11-28,SKU-CHARLIE,395.0,8.75,False
2023-11-29,SKU-CHARLIE,429.0,8.75,False
2023-11-30,SKU-CHARLIE,438.0,8.75,False
2023-12-01,SKU-CHARLIE,379.0,8.75,False
2023-12-02,SKU-CHARLIE,454.0,8.75,False
2023-12-03,SKU-CHARLIE,415.0,8.75,False
2023-12-04,SKU-CHARLIE,430.0,8.75,False
2023-12-05,SKU-CHARLIE,413.0,8.75,False
2023-12-06,SKU-CHARLIE,366.0,8.75,False
2023-12-07,SKU-CHARLIE,373.0,8.75,False
2023-12-08,SKU-CHARLIE,469.0,8.75,False
2023-12-09,SKU-CHARLIE,430.0,8.75,False
2023-12-10,SKU-CHARLIE,360.0,8.75,False
2023-12-11,SKU-CHARLIE,412.0,8.75,False
2023-12-12,SKU-CHARLIE,389.0,8.75,False
2023-12-13,SKU-CHARLIE,349.0,8.75,False
2023-12-14,SKU-CHARLIE,341.0,8.75,False
2023-12-15,SKU-CHARLIE,406.0,8.75,False
2023-12-16,SKU-CHARLIE,473.0,8.75,False
2023-12-17,SKU-CHARLIE,438.0,8.75,False
2023-12-18,SKU-CHARLIE,434.0,8.75,False
2023-12-19,SKU-CHARLIE,448.0,8.75,False
2023-12-20,SKU-CHARLIE,459.0,8.75,False
2023-12-21,SKU-CHARLIE,381.0,8.75,False
2023-12-22,SKU-CHARLIE,448.0,8.75,False
2023-12-23,SKU-CHARLIE,438.0,8.75,False
2023-12-24,SKU-CHARLIE,402.0,8.75,False
2023-12-25,SKU-CHARLIE,425.0,8.75,False
2023-12-26,SKU-CHARLIE,436.0,8.75,False
2023-12-27,SKU-CHARLIE,433.0,8.75,False
2023-12-28,SKU-CHARLIE,401.0,8.75,False
2023-12-29,SKU-CHARLIE,442.0,8.75,False
2023-12-30,SKU-CHARLIE,531.0,8.75,False
2023-12-31,SKU-CHARLIE,408.0,8.75,False
2024-01-01,SKU-CHARLIE,355.0,8.75,False
2024-01-02,SKU-CHARLIE,408.0,8.75,False
2024-01-03,SKU-CHARLIE,524.0,7.44,True
2024-01-04,SKU-CHARLIE,526.0,7.44,True
2024-01-05,SKU-CHARLIE,481.0,7.44,True
2024-01-06,SKU-CHARLIE,568.0,7.44,True
2024-01-07,SKU-CHARLIE,475.0,7.44,True
2024-01-08,SKU-CHARLIE,465.0,7.44,True
2024-01-09,SKU-CHARLIE,385.0,8.75,False
2024-01-10,SKU-CHARLIE,401.0,8.75,False
2024-01-11,SKU-CHARLIE,430.0,8.75,False
2024-01-12,SKU-CHARLIE,438.0,8.75,False
2024-01-13,SKU-CHARLIE,426.0,8.75,False
2024-01-14,SKU-CHARLIE,430.0,8.75,False
2024-01-15,SKU-CHARLIE,409.0,8.75,False
2024-01-16,SKU-CHARLIE,429.0,8.75,False
2024-01-17,SKU-CHARLIE,366.0,8.75,False
2024-01-18,SKU-CHARLIE,366.0,8.75,False
2024-01-19,SKU-CHARLIE,444.0,8.75,False
2024-01-20,SKU-CHARLIE,387.0,8.75,False
2024-01-21,SKU-CHARLIE,398.0,8.75,False
2024-01-22,SKU-CHARLIE,406.0,8.75,False
2024-01-23,SKU-CHARLIE,393.0,8.75,False
2024-01-24,SKU-CHARLIE,395.0,8.75,False
2024-01-25,SKU-CHARLIE,454.0,8.75,False
2024-01-26,SKU-CHARLIE,349.0,8.75,False
2024-01-27,SKU-CHARLIE,458.0,8.75,False
2024-01-28,SKU-CHARLIE,475.0,8.75,False
2024-01-29,SKU-CHARLIE,412.0,8.75,False
2024-01-30,SKU-CHARLIE,409.0,8.75,False
2024-01-31,SKU-CHARLIE,432.0,8.75,False
2024-02-01,SKU-CHARLIE,470.0,8.75,False
2024-02-02,SKU-CHARLIE,392.0,8.75,False
2024-02-03,SKU-CHARLIE,437.0,8.75,False
2024-02-04,SKU-CHARLIE,407.0,8.75,False
2024-02-05,SKU-CHARLIE,431.0,8.75,False
2024-02-06,SKU-CHARLIE,417.0,8.75,False
2024-02-07,SKU-CHARLIE,433.0,8.75,False
2024-02-08,SKU-CHARLIE,408.0,8.75,False
2024-02-09,SKU-CHARLIE,432.0,8.75,False
2024-02-10,SKU-CHARLIE,522.0,7.44,True
2024-02-11,SKU-CHARLIE,495.0,7.44,True
2024-02-12,SKU-CHARLIE,518.0,7.44,True
2024-02-13,SKU-CHARLIE,412.0,8.75,False
2024-02-14,SKU-CHARLIE,384.0,8.75,False
2024-02-15,SKU-CHARLIE,470.0,8.75,False
2024-02-16,SKU-CHARLIE,431.0,8.75,False
2024-02-17,SKU-CHARLIE,400.0,8.75,False
2024-02-18,SKU-CHARLIE,452.0,8.75,False
2024-02-19,SKU-CHARLIE,400.0,8.75,False
2024-02-20,SKU-CHARLIE,435.0,8.75,False
2024-02-21,SKU-CHARLIE,421.0,8.75,False
2024-02-22,SKU-CHARLIE,435.0,8.75,False
2024-02-23,SKU-CHARLIE,444.0,8.75,False
2024-02-24,SKU-CHARLIE,429.0,8.75,False
2024-02-25,SKU-CHARLIE,425.0,8.75,False
2024-02-26,SKU-CHARLIE,487.0,8.75,False
2024-02-27,SKU-CHARLIE,358.0,8.75,False
2024-02-28,SKU-CHARLIE,428.0,8.75,False
2024-02-29,SKU-CHARLIE,445.0,8.75,False
2024-03-01,SKU-CHARLIE,411.0,8.75,False
2024-03-02,SKU-CHARLIE,408.0,8.75,False
2024-03-03,SKU-CHARLIE,492.0,8.75,False
2024-03-04,SKU-CHARLIE,419.0,8.75,False
2024-03-05,SKU-CHARLIE,491.0,8.75,False
2024-03-06,SKU-CHARLIE,446.0,8.75,False
2024-03-07,SKU-CHARLIE,439.0,8.75,False
2024-03-08,SKU-CHARLIE,463.0,8.75,False
2024-03-09,SKU-CHARLIE,476.0,8.75,False
2024-03-10,SKU-CHARLIE,468.0,8.75,False
2024-03-11,SKU-CHARLIE,448.0,8.75,False
2024-03-12,SKU-CHARLIE,437.0,8.75,False
2024-03-13,SKU-CHARLIE,440.0,8.75,False
2024-03-14,SKU-CHARLIE,603.0,7.44,True
2024-03-15,SKU-CHARLIE,598.0,7.44,True
2024-03-16,SKU-CHARLIE,535.0,7.44,True
2024-03-17,SKU-CHARLIE,522.0,7.44,True
2024-03-18,SKU-CHARLIE,450.0,8.75,False
2024-03-19,SKU-CHARLIE,418.0,8.75,False
2024-03-20,SKU-CHARLIE,428.0,8.75,False
2024-03-21,SKU-CHARLIE,416.0,8.75,False
2024-03-22,SKU-CHARLIE,449.0,8.75,False
2024-03-23,SKU-CHARLIE,479.0,8.75,False
2024-03-24,SKU-CHARLIE,472.0,8.75,False
2024-03-25,SKU-CHARLIE,444.0,8.75,False
2024-03-26,SKU-CHARLIE,506.0,8.75,False
2024-03-27,SKU-CHARLIE,441.0,8.75,False
2024-03-28,SKU-CHARLIE,551.0,8.75,False
2024-03-29,SKU-CHARLIE,494.0,8.75,False
2024-03-30,SKU-CHARLIE,486.0,8.75,False
2024-03-31,SKU-CHARLIE,430.0,8.75,False
2024-04-01,SKU-CHARLIE,360.0,8.75,False
2024-04-02,SKU-CHARLIE,441.0,8.75,False
2024-04-03,SKU-CHARLIE,454.0,8.75,False
2024-04-04,SKU-CHARLIE,516.0,8.75,False
2024-04-05,SKU-CHARLIE,421.0,8.75,False
2024-04-06,SKU-CHARLIE,538.0,8.75,False
2024-04-07,SKU-CHARLIE,442.0,8.75,False
2024-04-08,SKU-CHARLIE,476.0,8.75,False
2024-04-09,SKU-CHARLIE,370.0,8.75,False
2024-04-10,SKU-CHARLIE,457.0,8.75,False
2024-04-11,SKU-CHARLIE,448.0,8.75,False
2024-04-12,SKU-CHARLIE,493.0,8.75,False
2024-04-13,SKU-CHARLIE,482.0,8.75,False
2024-04-14,SKU-CHARLIE,418.0,8.75,False
2024-04-15,SKU-CHARLIE,488.0,8.75,False
2024-04-16,SKU-CHARLIE,477.0,8.75,False
2024-04-17,SKU-CHARLIE,476.0,8.75,False
2024-04-18,SKU-CHARLIE,496.0,8.75,False
2024-04-19,SKU-CHARLIE,512.0,8.75,False
2024-04-20,SKU-CHARLIE,483.0,8.75,False
2024-04-21,SKU-CHARLIE,415.0,8.75,False
2024-04-22,SKU-CHARLIE,417.0,8.75,False
2024-04-23,SKU-CHARLIE,502.0,8.75,False
2024-04-24,SKU-CHARLIE,484.0,8.75,False
2024-04-25,SKU-CHARLIE,471.0,8.75,False
2024-04-26,SKU-CHARLIE,465.0,8.75,False
2024-04-27,SKU-CHARLIE,489.0,8.75,False
2024-04-28,SKU-CHARLIE,463.0,8.75,False
2024-04-29,SKU-CHARLIE,454.0,8.75,False
2024-04-30,SKU-CHARLIE,440.0,8.75,False
2024-05-01,SKU-CHARLIE,535.0,8.75,False
2024-05-02,SKU-CHARLIE,479.0,8.75,False
2024-05-03,SKU-CHARLIE,462.0,8.75,False
2024-05-04,SKU-CHARLIE,447.0,8.75,False
2024-05-05,SKU-CHARLIE,442.0,8.75,False
2024-05-06,SKU-CHARLIE,492.0,8.75,False
2024-05-07,SKU-CHARLIE,491.0,8.75,False
2024-05-08,SKU-CHARLIE,461.0,8.75,False
2024-05-09,SKU-CHARLIE,476.0,8.75,False
2024-05-10,SKU-CHARLIE,476.0,8.75,False
2024-05-11,SKU-CHARLIE,570.0,7.44,True
2024-05-12,SKU-CHARLIE,639.0,7.44,True
2024-05-13,SKU-CHARLIE,605.0,7.44,True
2024-05-14,SKU-CHARLIE,550.0,8.75,False
2024-05-15,SKU-CHARLIE,446.0,8.75,False
2024-05-16,SKU-CHARLIE,473.0,8.75,False
2024-05-17,SKU-CHARLIE,519.0,8.75,False
2024-05-18,SKU-CHARLIE,489.0,8.75,False
2024-05-19,SKU-CHARLIE,426.0,8.75,False
2024-05-20,SKU-CHARLIE,443.0,8.75,False
2024-05-21,SKU-CHARLIE,475.0,8.75,False
2024-05-22,SKU-CHARLIE,485.0,8.75,False
2024-05-23,SKU-CHARLIE,477.0,8.75,False
2024-05-24,SKU-CHARLIE,526.0,8.75,False
2024-05-25,SKU-CHARLIE,535.0,8.75,False
2024-05-26,SKU-CHARLIE,485.0,8.75,False
2024-05-27,SKU-CHARLIE,477.0,8.75,False
2024-05-28,SKU-CHARLIE,465.0,8.75,False
2024-05-29,SKU-CHARLIE,494.0,8.75,False
2024-05-30,SKU-CHARLIE,513.0,8.75,False
2024-05-31,SKU-CHARLIE,496.0,8.75,False
2024-06-01,SKU-CHARLIE,518.0,8.75,False
2024-06-02,SKU-CHARLIE,465.0,8.75,False
2024-06-03,SKU-CHARLIE,431.0,8.75,False
2024-06-04,SKU-CHARLIE,442.0,8.75,False
2024-06-05,SKU-CHARLIE,503.0,8.75,False
2024-06-06,SKU-CHARLIE,499.0,8.75,False
2024-06-07,SKU-CHARLIE,550.0,8.75,False
2024-06-08,SKU-CHARLIE,506.0,8.75,False
2024-06-09,SKU-CHARLIE,506.0,8.75,False
2024-06-10,SKU-CHARLIE,524.0,8.75,False
2024-06-11,SKU-CHARLIE,510.0,8.75,False
2024-06-12,SKU-CHARLIE,458.0,8.75,False
2024-06-13,SKU-CHARLIE,478.0,8.75,False
2024-06-14,SKU-CHARLIE,501.0,8.75,False
2024-06-15,SKU-CHARLIE,470.0,8.75,False
2024-06-16,SKU-CHARLIE,494.0,8.75,False
2024-06-17,SKU-CHARLIE,515.0,8.75,False
2024-06-18,SKU-CHARLIE,461.0,8.75,False
2024-06-19,SKU-CHARLIE,545.0,8.75,False
2024-06-20,SKU-CHARLIE,475.0,8.75,False
2024-06-21,SKU-CHARLIE,490.0,8.75,False
2024-06-22,SKU-CHARLIE,496.0,8.75,False
2024-06-23,SKU-CHARLIE,454.0,8.75,False
2024-06-24,SKU-CHARLIE,495.0,8.75,False
2024-06-25,SKU-CHARLIE,478.0,8.75,False
2024-06-26,SKU-CHARLIE,535.0,8.75,False
2024-06-27,SKU-CHARLIE,506.0,8.75,False
2024-06-28,SKU-CHARLIE,515.0,8.75,False
2024-06-29,SKU-CHARLIE,497.0,8.75,False
2024-06-30,SKU-CHARLIE,431.0,8.75,False
2024-07-01,SKU-CHARLIE,477.0,8.75,False
2024-07-02,SKU-CHARLIE,561.0,7.44,True
2024-07-03,SKU-CHARLIE,638.0,7.44,True
2024-07-04,SKU-CHARLIE,604.0,7.44,True
2024-07-05,SKU-CHARLIE,693.0,7.44,True
2024-07-06,SKU-CHARLIE,663.0,7.44,True
2024-07-07,SKU-CHARLIE,631.0,7.44,True
2024-07-08,SKU-CHARLIE,609.0,7.44,True
2024-07-09,SKU-CHARLIE,483.0,8.75,False
2024-07-10,SKU-CHARLIE,499.0,8.75,False
2024-07-11,SKU-CHARLIE,515.0,8.75,False
2024-07-12,SKU-CHARLIE,470.0,8.75,False
2024-07-13,SKU-CHARLIE,520.0,8.75,False
2024-07-14,SKU-CHARLIE,563.0,8.75,False
2024-07-15,SKU-CHARLIE,475.0,8.75,False
2024-07-16,SKU-CHARLIE,466.0,8.75,False
2024-07-17,SKU-CHARLIE,453.0,8.75,False
2024-07-18,SKU-CHARLIE,433.0,8.75,False
2024-07-19,SKU-CHARLIE,535.0,8.75,False
2024-07-20,SKU-CHARLIE,503.0,8.75,False
2024-07-21,SKU-CHARLIE,484.0,8.75,False
2024-07-22,SKU-CHARLIE,538.0,8.75,False
2024-07-23,SKU-CHARLIE,556.0,8.75,False
2024-07-24,SKU-CHARLIE,445.0,8.75,False
2024-07-25,SKU-CHARLIE,516.0,8.75,False
2024-07-26,SKU-CHARLIE,513.0,8.75,False
2024-07-27,SKU-CHARLIE,513.0,8.75,False
2024-07-28,SKU-CHARLIE,488.0,8.75,False
2024-07-29,SKU-CHARLIE,474.0,8.75,False
2024-07-30,SKU-CHARLIE,523.0,8.75,False
2024-07-31,SKU-CHARLIE,492.0,8.75,False
2024-08-01,SKU-CHARLIE,489.0,8.75,False
2024-08-02,SKU-CHARLIE,532.0,8.75,False
2024-08-03,SKU-CHARLIE,528.0,8.75,False
2024-08-04,SKU-CHARLIE,485.0,8.75,False
2024-08-05,SKU-CHARLIE,483.0,8.75,False
2024-08-06,SKU-CHARLIE,526.0,8.75,False
2024-08-07,SKU-CHARLIE,486.0,8.75,False
2024-08-08,SKU-CHARLIE,472.0,8.75,False
2024-08-09,SKU-CHARLIE,457.0,8.75,False
2024-08-10,SKU-CHARLIE,482.0,8.75,False
2024-08-11,SKU-CHARLIE,433.0,8.75,False
2024-08-12,SKU-CHARLIE,472.0,8.75,False
2024-08-13,SKU-CHARLIE,474.0,8.75,False
2024-08-14,SKU-CHARLIE,399.0,8.75,False
2024-08-15,SKU-CHARLIE,591.0,7.44,True
2024-08-16,SKU-CHARLIE,631.0,7.44,True
2024-08-17,SKU-CHARLIE,620.0,7.44,True
2024-08-18,SKU-CHARLIE,541.0,7.44,True
2024-08-19,SKU-CHARLIE,507.0,8.75,False
2024-08-20,SKU-CHARLIE,440.0,8.75,False
2024-08-21,SKU-CHARLIE,423.0,8.75,False
2024-08-22,SKU-CHARLIE,433.0,8.75,False
2024-08-23,SKU-CHARLIE,479.0,8.75,False
2024-08-24,SKU-CHARLIE,520.0,8.75,False
2024-08-25,SKU-CHARLIE,498.0,8.75,False
2024-08-26,SKU-CHARLIE,469.0,8.75,False
2024-08-27,SKU-CHARLIE,420.0,8.75,False
2024-08-28,SKU-CHARLIE,438.0,8.75,False
2024-08-29,SKU-CHARLIE,436.0,8.75,False
2024-08-30,SKU-CHARLIE,470.0,8.75,False
2024-08-31,SKU-CHARLIE,423.0,8.75,False
2024-09-01,SKU-CHARLIE,460.0,8.75,False
2024-09-02,SKU-CHARLIE,479.0,8.75,False
2024-09-03,SKU-CHARLIE,450.0,8.75,False
2024-09-04,SKU-CHARLIE,470.0,8.75,False
2024-09-05,SKU-CHARLIE,431.0,8.75,False
2024-09-06,SKU-CHARLIE,424.0,8.75,False
2024-09-07,SKU-CHARLIE,457.0,8.75,False
2024-09-08,SKU-CHARLIE,489.0,8.75,False
2024-09-09,SKU-CHARLIE,487.0,8.75,False
2024-09-10,SKU-CHARLIE,436.0,8.75,False
2024-09-11,SKU-CHARLIE,490.0,8.75,False
2024-09-12,SKU-CHARLIE,558.0,7.44,True
2024-09-13,SKU-CHARLIE,646.0,7.44,True
2024-09-14,SKU-CHARLIE,613.0,7.44,True
2024-09-15,SKU-CHARLIE,543.0,7.44,True
2024-09-16,SKU-CHARLIE,594.0,7.44,True
2024-09-17,SKU-CHARLIE,423.0,8.75,False
2024-09-18,SKU-CHARLIE,418.0,8.75,False
2024-09-19,SKU-CHARLIE,407.0,8.75,False
2024-09-20,SKU-CHARLIE,472.0,8.75,False
2024-09-21,SKU-CHARLIE,468.0,8.75,False
2024-09-22,SKU-CHARLIE,442.0,8.75,False
2024-09-23,SKU-CHARLIE,434.0,8.75,False
2024-09-24,SKU-CHARLIE,487.0,8.75,False
2024-09-25,SKU-CHARLIE,431.0,8.75,False
2024-09-26,SKU-CHARLIE,426.0,8.75,False
2024-09-27,SKU-CHARLIE,499.0,8.75,False
2024-09-28,SKU-CHARLIE,512.0,8.75,False
2024-09-29,SKU-CHARLIE,451.0,8.75,False
2024-09-30,SKU-CHARLIE,389.0,8.75,False
2024-10-01,SKU-CHARLIE,420.0,8.75,False
2024-10-02,SKU-CHARLIE,459.0,8.75,False
2024-10-03,SKU-CHARLIE,445.0,8.75,False
2024-10-04,SKU-CHARLIE,505.0,8.75,False
2024-10-05,SKU-CHARLIE,418.0,8.75,False
2024-10-06,SKU-CHARLIE,458.0,8.75,False
2024-10-07,SKU-CHARLIE,419.0,8.75,False
2024-10-08,SKU-CHARLIE,475.0,8.75,False
2024-10-09,SKU-CHARLIE,434.0,8.75,False
2024-10-10,SKU-CHARLIE,473.0,8.75,False
2024-10-11,SKU-CHARLIE,431.0,8.75,False
2024-10-12,SKU-CHARLIE,413.0,8.75,False
2024-10-13,SKU-CHARLIE,399.0,8.75,False
2024-10-14,SKU-CHARLIE,416.0,8.75,False
2024-10-15,SKU-CHARLIE,400.0,8.75,False
2024-10-16,SKU-CHARLIE,469.0,8.75,False
2024-10-17,SKU-CHARLIE,478.0,8.75,False
2024-10-18,SKU-CHARLIE,456.0,8.75,False
2024-10-19,SKU-CHARLIE,421.0,8.75,False
2024-10-20,SKU-CHARLIE,426.0,8.75,False
2024-10-21,SKU-CHARLIE,411.0,8.75,False
2024-10-22,SKU-CHARLIE,471.0,8.75,False
2024-10-23,SKU-CHARLIE,438.0,8.75,False
2024-10-24,SKU-CHARLIE,449.0,8.75,False
2024-10-25,SKU-CHARLIE,432.0,8.75,False
2024-10-26,SKU-CHARLIE,387.0,8.75,False
2024-10-27,SKU-CHARLIE,403.0,8.75,False
2024-10-28,SKU-CHARLIE,395.0,8.75,False
2024-10-29,SKU-CHARLIE,436.0,8.75,False
2024-10-30,SKU-CHARLIE,429.0,8.75,False
2024-10-31,SKU-CHARLIE,407.0,8.75,False
2024-11-01,SKU-CHARLIE,429.0,8.75,False
2024-11-02,SKU-CHARLIE,497.0,8.75,False
2024-11-03,SKU-CHARLIE,395.0,8.75,False
2024-11-04,SKU-CHARLIE,497.0,7.44,True
2024-11-05,SKU-CHARLIE,519.0,7.44,True
2024-11-06,SKU-CHARLIE,503.0,7.44,True
2024-11-07,SKU-CHARLIE,519.0,7.44,True
2024-11-08,SKU-CHARLIE,454.0,8.75,False
2024-11-09,SKU-CHARLIE,499.0,8.75,False
2024-11-10,SKU-CHARLIE,368.0,8.75,False
2024-11-11,SKU-CHARLIE,422.0,8.75,False
2024-11-12,SKU-CHARLIE,421.0,8.75,False
2024-11-13,SKU-CHARLIE,418.0,8.75,False
2024-11-14,SKU-CHARLIE,420.0,8.75,False
2024-11-15,SKU-CHARLIE,425.0,8.75,False
2024-11-16,SKU-CHARLIE,473.0,8.75,False
2024-11-17,SKU-CHARLIE,405.0,8.75,False
2024-11-18,SKU-CHARLIE,417.0,8.75,False
2024-11-19,SKU-CHARLIE,417.0,8.75,False
2024-11-20,SKU-CHARLIE,422.0,8.75,False
2024-11-21,SKU-CHARLIE,419.0,8.75,False
2024-11-22,SKU-CHARLIE,464.0,8.75,False
2024-11-23,SKU-CHARLIE,440.0,8.75,False
2024-11-24,SKU-CHARLIE,422.0,8.75,False
2024-11-25,SKU-CHARLIE,417.0,8.75,False
2024-11-26,SKU-CHARLIE,387.0,8.75,False
2024-11-27,SKU-CHARLIE,393.0,8.75,False
2024-11-28,SKU-CHARLIE,391.0,8.75,False
2024-11-29,SKU-CHARLIE,438.0,8.75,False
2024-11-30,SKU-CHARLIE,417.0,8.75,False
2024-12-01,SKU-CHARLIE,385.0,8.75,False
2024-12-02,SKU-CHARLIE,424.0,8.75,False
2024-12-03,SKU-CHARLIE,430.0,8.75,False
2024-12-04,SKU-CHARLIE,365.0,8.75,False
2024-12-05,SKU-CHARLIE,471.0,8.75,False
2024-12-06,SKU-CHARLIE,432.0,8.75,False
2024-12-07,SKU-CHARLIE,435.0,8.75,False
2024-12-08,SKU-CHARLIE,446.0,8.75,False
2024-12-09,SKU-CHARLIE,419.0,8.75,False
2024-12-10,SKU-CHARLIE,396.0,8.75,False
2024-12-11,SKU-CHARLIE,479.0,8.75,False
2024-12-12,SKU-CHARLIE,389.0,8.75,False
2024-12-13,SKU-CHARLIE,428.0,8.75,False
2024-12-14,SKU-CHARLIE,464.0,8.75,False
2024-12-15,SKU-CHARLIE,422.0,8.75,False
2024-12-16,SKU-CHARLIE,455.0,8.75,False
2024-12-17,SKU-CHARLIE,468.0,8.75,False
2024-12-18,SKU-CHARLIE,534.0,8.75,False
2024-12-19,SKU-CHARLIE,434.0,8.75,False
2024-12-20,SKU-CHARLIE,472.0,8.75,False
2024-12-21,SKU-CHARLIE,504.0,8.75,False
2024-12-22,SKU-CHARLIE,459.0,8.75,False
2024-12-23,SKU-CHARLIE,420.0,8.75,False
2024-12-24,SKU-CHARLIE,469.0,8.75,False
2024-12-25,SKU-CHARLIE,461.0,8.75,False
2024-12-26,SKU-CHARLIE,597.0,7.44,True
2024-12-27,SKU-CHARLIE,640.0,7.44,True
2024-12-28,SKU-CHARLIE,646.0,7.44,True
2024-12-29,SKU-CHARLIE,588.0,7.44,True
2024-12-30,SKU-CHARLIE,470.0,8.75,False
2024-12-31,SKU-CHARLIE,422.0,8.75,False
